digital_event_id,event_date,hcp_npi,account_id,territory,product_name,channel,content_topic,open_flag,click_flag,webinar_attended
DIG0000001,2024-02-17,9000000203,ACC001,T02,Roventra,Webinar,Referral workflow,0,0,0
DIG0000002,2024-03-23,9000000203,ACC001,T02,Nexoral,Content Hub,Coverage,1,0,0
DIG0000003,2024-09-13,9000000203,ACC001,T02,Nexoral,Email,Patient identification,1,1,0
DIG0000004,2025-01-14,9000000203,ACC001,T02,Roventra,Content Hub,Coverage,1,1,0
DIG0000005,2024-12-02,9000000203,ACC001,T02,Vexpro,Content Hub,Referral workflow,0,0,0
DIG0000006,2024-01-08,9000000305,ACC002,T03,Roventra,Content Hub,Adherence,1,1,0
DIG0000007,2024-01-12,9000000424,ACC002,T03,Vexpro,Webinar,Prior authorization,0,0,0
DIG0000008,2024-02-23,9000000424,ACC002,T03,Vexpro,Web Visit,Coverage,1,0,0
DIG0000009,2024-08-14,9000000424,ACC002,T03,Nexoral,Web Visit,Adherence,1,1,0
DIG0000010,2025-01-24,9000000424,ACC002,T03,Vexpro,Web Visit,Coverage,0,0,0
DIG0000011,2024-03-31,9000000560,ACC002,T03,Nexoral,Paid Media,Dose and safety,1,1,0
DIG0000012,2024-01-18,9000000610,ACC002,T03,Nexoral,Email,Referral workflow,1,1,0
DIG0000013,2024-11-12,9000000610,ACC002,T03,Roventra,Webinar,Referral workflow,1,0,0
DIG0000014,2024-07-02,9000000610,ACC002,T03,Roventra,Paid Media,Dose and safety,1,0,0
DIG0000015,2025-01-19,9000000610,ACC002,T03,Roventra,Web Visit,Prior authorization,1,1,0
DIG0000016,2024-01-08,9000000610,ACC002,T03,Vexpro,Web Visit,Adherence,1,1,1
DIG0000017,2024-10-29,9000000061,ACC003,T04,Roventra,Web Visit,Coverage,0,0,0
DIG0000018,2024-11-05,9000000061,ACC003,T04,Roventra,Email,Referral workflow,0,0,0
DIG0000019,2025-01-16,9000000137,ACC003,T04,Roventra,Email,Coverage,1,0,0
DIG0000020,2024-09-20,9000000137,ACC003,T04,Roventra,Paid Media,Dose and safety,1,0,0
DIG0000021,2025-01-31,9000000137,ACC003,T04,Roventra,Content Hub,Patient identification,1,1,0
DIG0000022,2024-01-26,9000000237,ACC003,T04,Nexoral,Content Hub,Adherence,1,1,0
DIG0000023,2024-04-15,9000000237,ACC003,T04,Roventra,Web Visit,Patient identification,1,1,0
DIG0000024,2025-01-16,9000000237,ACC003,T04,Vexpro,Email,Adherence,1,0,0
DIG0000025,2024-06-15,9000000237,ACC003,T04,Roventra,Paid Media,Prior authorization,1,0,0
DIG0000026,2025-01-18,9000000005,ACC004,T05,Nexoral,Webinar,Patient identification,1,0,0
DIG0000027,2024-02-04,9000000005,ACC004,T05,Roventra,Email,Adherence,1,1,0
DIG0000028,2024-01-03,9000000051,ACC005,T06,Nexoral,Webinar,Referral workflow,0,0,0
DIG0000029,2025-01-28,9000000051,ACC005,T06,Roventra,Paid Media,Referral workflow,0,0,0
DIG0000030,2024-05-26,9000000051,ACC005,T06,Vexpro,Paid Media,Dose and safety,1,0,0
DIG0000031,2024-09-23,9000000051,ACC005,T06,Vexpro,Content Hub,Dose and safety,1,0,0
DIG0000032,2024-09-27,9000000051,ACC005,T06,Nexoral,Content Hub,Dose and safety,0,0,0
DIG0000033,2024-06-19,9000000498,ACC005,T06,Vexpro,Email,Dose and safety,1,1,0
DIG0000034,2025-01-16,9000000498,ACC005,T06,Nexoral,Content Hub,Patient identification,0,0,0
DIG0000035,2024-11-05,9000000498,ACC005,T06,Nexoral,Content Hub,Referral workflow,1,1,1
DIG0000036,2025-01-26,9000000498,ACC005,T06,Roventra,Content Hub,Prior authorization,1,1,1
DIG0000037,2024-04-22,9000000640,ACC005,T06,Nexoral,Paid Media,Referral workflow,0,0,0
DIG0000038,2025-01-21,9000000640,ACC005,T06,Vexpro,Email,Referral workflow,0,0,0
DIG0000039,2024-08-08,9000000640,ACC005,T06,Roventra,Paid Media,Patient identification,1,0,0
DIG0000040,2024-06-24,9000000640,ACC005,T06,Nexoral,Web Visit,Adherence,1,1,0
DIG0000041,2024-11-07,9000000130,ACC006,T07,Roventra,Web Visit,Patient identification,0,0,0
DIG0000042,2024-07-15,9000000130,ACC006,T07,Nexoral,Web Visit,Dose and safety,1,0,0
DIG0000043,2024-08-17,9000000130,ACC006,T07,Nexoral,Content Hub,Dose and safety,1,0,0
DIG0000044,2024-01-03,9000000225,ACC008,T01,Nexoral,Paid Media,Referral workflow,1,1,0
DIG0000045,2024-03-06,9000000225,ACC008,T01,Roventra,Webinar,Prior authorization,0,0,0
DIG0000046,2024-06-15,9000000225,ACC008,T01,Nexoral,Webinar,Coverage,0,0,0
DIG0000047,2024-09-01,9000000225,ACC008,T01,Nexoral,Content Hub,Referral workflow,0,0,0
DIG0000048,2024-10-24,9000000225,ACC008,T01,Vexpro,Email,Coverage,0,0,0
DIG0000049,2024-10-12,9000000255,ACC008,T01,Roventra,Email,Prior authorization,1,1,1
DIG0000050,2024-11-26,9000000359,ACC008,T01,Nexoral,Email,Prior authorization,1,0,0
DIG0000051,2024-01-02,9000000359,ACC008,T01,Roventra,Webinar,Adherence,0,0,0
DIG0000052,2024-06-30,9000000359,ACC008,T01,Roventra,Paid Media,Coverage,1,0,0
DIG0000053,2024-03-13,9000000359,ACC008,T01,Nexoral,Paid Media,Adherence,1,0,0
DIG0000054,2024-01-23,9000000180,ACC009,T02,Roventra,Content Hub,Coverage,0,0,0
DIG0000055,2024-10-27,9000000180,ACC009,T02,Vexpro,Webinar,Referral workflow,1,0,0
DIG0000056,2024-05-16,9000000180,ACC009,T02,Vexpro,Webinar,Referral workflow,1,0,0
DIG0000057,2024-10-22,9000000180,ACC009,T02,Vexpro,Content Hub,Prior authorization,1,1,0
DIG0000058,2024-10-17,9000000180,ACC009,T02,Vexpro,Webinar,Referral workflow,1,0,0
DIG0000059,2024-08-30,9000000239,ACC009,T02,Vexpro,Web Visit,Coverage,1,0,0
DIG0000060,2024-06-17,9000000239,ACC009,T02,Roventra,Content Hub,Patient identification,0,0,0
DIG0000061,2024-06-30,9000000398,ACC012,T05,Vexpro,Content Hub,Adherence,1,0,0
DIG0000062,2024-01-21,9000000497,ACC012,T05,Nexoral,Paid Media,Adherence,1,1,0
DIG0000063,2024-06-28,9000000144,ACC013,T06,Nexoral,Webinar,Dose and safety,1,0,0
DIG0000064,2024-07-04,9000000144,ACC013,T06,Vexpro,Content Hub,Patient identification,0,0,0
DIG0000065,2024-02-13,9000000144,ACC013,T06,Nexoral,Paid Media,Patient identification,1,0,0
DIG0000066,2024-03-20,9000000081,ACC016,T01,Nexoral,Paid Media,Referral workflow,1,1,1
DIG0000067,2024-10-25,9000000081,ACC016,T01,Vexpro,Paid Media,Adherence,1,1,0
DIG0000068,2024-08-14,9000000081,ACC016,T01,Roventra,Content Hub,Coverage,1,1,0
DIG0000069,2024-02-09,9000000081,ACC016,T01,Nexoral,Paid Media,Prior authorization,0,0,0
DIG0000070,2024-09-17,9000000081,ACC016,T01,Nexoral,Paid Media,Prior authorization,1,0,0
DIG0000071,2024-01-19,9000000125,ACC016,T01,Roventra,Paid Media,Referral workflow,1,1,1
DIG0000072,2024-10-01,9000000125,ACC016,T01,Nexoral,Paid Media,Dose and safety,1,1,1
DIG0000073,2024-07-22,9000000125,ACC016,T01,Vexpro,Webinar,Prior authorization,1,0,0
DIG0000074,2025-01-24,9000000125,ACC016,T01,Roventra,Email,Adherence,1,1,0
DIG0000075,2024-04-10,9000000318,ACC016,T01,Nexoral,Webinar,Adherence,1,1,0
DIG0000076,2024-09-28,9000000109,ACC017,T02,Nexoral,Email,Adherence,1,1,1
DIG0000077,2024-04-11,9000000109,ACC017,T02,Roventra,Content Hub,Prior authorization,1,1,1
DIG0000078,2024-09-23,9000000109,ACC017,T02,Roventra,Content Hub,Prior authorization,0,0,0
DIG0000079,2024-11-27,9000000535,ACC018,T03,Roventra,Paid Media,Prior authorization,1,0,0
DIG0000080,2024-07-18,9000000535,ACC018,T03,Nexoral,Web Visit,Coverage,0,0,0
DIG0000081,2024-10-24,9000000036,ACC019,T04,Vexpro,Webinar,Patient identification,1,0,0
DIG0000082,2024-09-17,9000000036,ACC019,T04,Nexoral,Paid Media,Coverage,0,0,0
DIG0000083,2024-01-01,9000000488,ACC020,T05,Nexoral,Email,Adherence,1,1,0
DIG0000084,2024-10-02,9000000488,ACC020,T05,Nexoral,Webinar,Dose and safety,0,0,0
DIG0000085,2024-03-07,9000000488,ACC020,T05,Roventra,Email,Dose and safety,1,1,0
DIG0000086,2024-07-15,9000000488,ACC020,T05,Roventra,Webinar,Dose and safety,1,1,1
DIG0000087,2024-06-22,9000000488,ACC020,T05,Vexpro,Content Hub,Dose and safety,1,1,1
DIG0000088,2024-06-22,9000000037,ACC021,T06,Roventra,Paid Media,Adherence,1,0,0
DIG0000089,2024-09-04,9000000105,ACC021,T06,Roventra,Paid Media,Coverage,1,1,1
DIG0000090,2024-06-29,9000000105,ACC021,T06,Roventra,Paid Media,Patient identification,1,0,0
DIG0000091,2025-01-10,9000000253,ACC021,T06,Vexpro,Webinar,Referral workflow,1,1,0
DIG0000092,2025-01-12,9000000253,ACC021,T06,Nexoral,Paid Media,Coverage,1,1,0
DIG0000093,2024-08-25,9000000253,ACC021,T06,Roventra,Web Visit,Adherence,1,1,0
DIG0000094,2024-04-12,9000000253,ACC021,T06,Roventra,Content Hub,Adherence,0,0,0
DIG0000095,2024-05-06,9000000080,ACC022,T07,Vexpro,Paid Media,Adherence,1,0,0
DIG0000096,2024-11-15,9000000080,ACC022,T07,Nexoral,Content Hub,Adherence,1,0,0
DIG0000097,2024-07-21,9000000080,ACC022,T07,Roventra,Web Visit,Coverage,1,0,0
DIG0000098,2024-04-07,9000000080,ACC022,T07,Roventra,Webinar,Referral workflow,1,0,0
DIG0000099,2024-12-18,9000000289,ACC022,T07,Roventra,Email,Dose and safety,1,1,1
DIG0000100,2024-05-26,9000000289,ACC022,T07,Vexpro,Content Hub,Adherence,1,1,0
DIG0000101,2024-11-28,9000000289,ACC022,T07,Roventra,Content Hub,Dose and safety,1,0,0
DIG0000102,2024-04-13,9000000289,ACC022,T07,Roventra,Web Visit,Referral workflow,0,0,0
DIG0000103,2024-02-01,9000000289,ACC022,T07,Roventra,Webinar,Patient identification,1,0,0
DIG0000104,2024-05-21,9000000450,ACC022,T07,Nexoral,Content Hub,Patient identification,0,0,0
DIG0000105,2024-05-21,9000000450,ACC022,T07,Vexpro,Email,Referral workflow,0,0,0
DIG0000106,2024-11-12,9000000450,ACC022,T07,Vexpro,Web Visit,Adherence,1,1,0
DIG0000107,2024-05-15,9000000450,ACC022,T07,Roventra,Web Visit,Dose and safety,1,1,0
DIG0000108,2024-10-06,9000000450,ACC022,T07,Vexpro,Paid Media,Dose and safety,1,1,0
DIG0000109,2024-12-16,9000000001,ACC023,T08,Roventra,Web Visit,Prior authorization,1,1,0
DIG0000110,2024-04-10,9000000001,ACC023,T08,Roventra,Web Visit,Referral workflow,1,1,0
DIG0000111,2024-06-11,9000000001,ACC023,T08,Vexpro,Email,Adherence,1,1,1
DIG0000112,2024-11-03,9000000001,ACC023,T08,Roventra,Paid Media,Dose and safety,0,0,0
DIG0000113,2024-12-15,9000000001,ACC023,T08,Vexpro,Webinar,Prior authorization,1,1,1
DIG0000114,2024-12-03,9000000209,ACC023,T08,Vexpro,Email,Referral workflow,1,1,0
DIG0000115,2024-05-26,9000000209,ACC023,T08,Vexpro,Web Visit,Dose and safety,1,0,0
DIG0000116,2024-09-12,9000000209,ACC023,T08,Nexoral,Webinar,Patient identification,0,0,0
DIG0000117,2024-08-08,9000000209,ACC023,T08,Roventra,Content Hub,Coverage,1,0,0
DIG0000118,2024-03-03,9000000134,ACC024,T01,Nexoral,Content Hub,Dose and safety,1,1,0
DIG0000119,2024-01-22,9000000134,ACC024,T01,Nexoral,Webinar,Dose and safety,1,1,0
DIG0000120,2024-04-28,9000000134,ACC024,T01,Nexoral,Paid Media,Adherence,1,0,0
DIG0000121,2024-12-23,9000000134,ACC024,T01,Roventra,Paid Media,Coverage,1,0,0
DIG0000122,2024-03-30,9000000134,ACC024,T01,Vexpro,Paid Media,Referral workflow,1,1,0
DIG0000123,2024-05-16,9000000103,ACC025,T02,Nexoral,Content Hub,Dose and safety,1,1,0
DIG0000124,2024-04-10,9000000379,ACC025,T02,Vexpro,Web Visit,Dose and safety,0,0,0
DIG0000125,2024-07-02,9000000379,ACC025,T02,Vexpro,Webinar,Referral workflow,1,1,1
DIG0000126,2024-07-05,9000000384,ACC025,T02,Roventra,Paid Media,Referral workflow,0,0,0
DIG0000127,2024-08-16,9000000015,ACC026,T03,Nexoral,Paid Media,Coverage,1,0,0
DIG0000128,2024-10-29,9000000015,ACC026,T03,Vexpro,Paid Media,Patient identification,1,1,0
DIG0000129,2024-10-10,9000000393,ACC026,T03,Roventra,Paid Media,Coverage,0,0,0
DIG0000130,2024-04-09,9000000393,ACC026,T03,Roventra,Email,Coverage,1,0,0
DIG0000131,2024-04-15,9000000082,ACC027,T04,Vexpro,Paid Media,Coverage,0,0,0
DIG0000132,2024-08-26,9000000082,ACC027,T04,Vexpro,Email,Dose and safety,1,0,0
DIG0000133,2024-05-03,9000000082,ACC027,T04,Roventra,Paid Media,Prior authorization,1,1,0
DIG0000134,2024-09-09,9000000082,ACC027,T04,Nexoral,Web Visit,Coverage,1,0,0
DIG0000135,2024-05-30,9000000327,ACC027,T04,Roventra,Paid Media,Referral workflow,1,0,0
DIG0000136,2024-03-03,9000000327,ACC027,T04,Nexoral,Web Visit,Coverage,0,0,0
DIG0000137,2024-10-27,9000000327,ACC027,T04,Roventra,Content Hub,Patient identification,1,1,0
DIG0000138,2024-04-21,9000000500,ACC027,T04,Vexpro,Paid Media,Prior authorization,1,0,0
DIG0000139,2024-06-06,9000000500,ACC027,T04,Nexoral,Email,Referral workflow,1,1,0
DIG0000140,2024-01-15,9000000554,ACC027,T04,Vexpro,Web Visit,Patient identification,1,0,0
DIG0000141,2025-01-30,9000000074,ACC028,T05,Roventra,Content Hub,Coverage,1,1,0
DIG0000142,2024-04-20,9000000074,ACC028,T05,Roventra,Web Visit,Adherence,1,1,0
DIG0000143,2024-08-16,9000000032,ACC029,T06,Vexpro,Email,Adherence,1,0,0
DIG0000144,2024-12-19,9000000032,ACC029,T06,Nexoral,Web Visit,Coverage,0,0,0
DIG0000145,2024-07-07,9000000191,ACC030,T07,Nexoral,Webinar,Adherence,1,0,0
DIG0000146,2024-08-01,9000000191,ACC030,T07,Vexpro,Webinar,Dose and safety,0,0,0
DIG0000147,2024-05-24,9000000191,ACC030,T07,Nexoral,Paid Media,Referral workflow,0,0,0
DIG0000148,2024-06-22,9000000191,ACC030,T07,Nexoral,Paid Media,Prior authorization,1,0,0
DIG0000149,2025-01-13,9000000567,ACC030,T07,Roventra,Web Visit,Dose and safety,1,0,0
DIG0000150,2024-06-06,9000000567,ACC030,T07,Nexoral,Web Visit,Adherence,1,0,0
DIG0000151,2024-08-29,9000000059,ACC031,T08,Vexpro,Content Hub,Adherence,1,0,0
DIG0000152,2024-05-12,9000000059,ACC031,T08,Roventra,Paid Media,Prior authorization,1,0,0
DIG0000153,2024-10-19,9000000149,ACC031,T08,Vexpro,Paid Media,Patient identification,1,0,0
DIG0000154,2024-10-31,9000000566,ACC031,T08,Nexoral,Content Hub,Coverage,1,1,0
DIG0000155,2024-05-20,9000000566,ACC031,T08,Roventra,Content Hub,Referral workflow,1,1,0
DIG0000156,2024-07-08,9000000174,ACC032,T01,Nexoral,Content Hub,Referral workflow,1,1,0
DIG0000157,2024-09-09,9000000174,ACC032,T01,Roventra,Content Hub,Adherence,1,1,0
DIG0000158,2024-09-02,9000000495,ACC032,T01,Roventra,Web Visit,Adherence,0,0,0
DIG0000159,2024-12-05,9000000528,ACC032,T01,Roventra,Email,Dose and safety,1,0,0
DIG0000160,2024-12-01,9000000528,ACC032,T01,Roventra,Paid Media,Dose and safety,1,0,0
DIG0000161,2024-10-29,9000000528,ACC032,T01,Vexpro,Email,Referral workflow,1,0,0
DIG0000162,2024-08-11,9000000528,ACC032,T01,Roventra,Paid Media,Coverage,1,0,0
DIG0000163,2024-01-06,9000000528,ACC032,T01,Nexoral,Web Visit,Dose and safety,1,1,1
DIG0000164,2024-09-27,9000000086,ACC034,T03,Vexpro,Content Hub,Prior authorization,1,1,0
DIG0000165,2024-09-08,9000000086,ACC034,T03,Vexpro,Paid Media,Referral workflow,0,0,0
DIG0000166,2025-01-02,9000000086,ACC034,T03,Nexoral,Content Hub,Prior authorization,0,0,0
DIG0000167,2024-03-14,9000000086,ACC034,T03,Nexoral,Content Hub,Adherence,1,0,0
DIG0000168,2024-03-18,9000000190,ACC035,T04,Roventra,Paid Media,Dose and safety,1,1,0
DIG0000169,2024-02-02,9000000024,ACC036,T05,Vexpro,Content Hub,Referral workflow,1,0,0
DIG0000170,2025-01-30,9000000024,ACC036,T05,Roventra,Email,Adherence,0,0,0
DIG0000171,2024-06-26,9000000260,ACC036,T05,Vexpro,Paid Media,Prior authorization,1,1,1
DIG0000172,2024-01-14,9000000050,ACC039,T08,Nexoral,Web Visit,Prior authorization,1,0,0
DIG0000173,2024-05-06,9000000145,ACC040,T01,Nexoral,Email,Coverage,1,1,0
DIG0000174,2024-11-03,9000000145,ACC040,T01,Roventra,Content Hub,Prior authorization,1,1,0
DIG0000175,2024-04-20,9000000509,ACC040,T01,Nexoral,Paid Media,Referral workflow,1,0,0
DIG0000176,2024-03-12,9000000509,ACC040,T01,Vexpro,Webinar,Patient identification,1,1,0
DIG0000177,2024-01-06,9000000509,ACC040,T01,Nexoral,Web Visit,Adherence,0,0,0
DIG0000178,2024-01-25,9000000154,ACC042,T03,Vexpro,Content Hub,Prior authorization,1,0,0
DIG0000179,2025-01-18,9000000206,ACC042,T03,Nexoral,Paid Media,Prior authorization,0,0,0
DIG0000180,2024-12-26,9000000206,ACC042,T03,Roventra,Content Hub,Referral workflow,1,0,0
DIG0000181,2024-08-03,9000000206,ACC042,T03,Nexoral,Email,Adherence,0,0,0
DIG0000182,2024-11-29,9000000206,ACC042,T03,Roventra,Email,Prior authorization,1,0,0
DIG0000183,2024-06-24,9000000206,ACC042,T03,Roventra,Email,Dose and safety,1,0,0
DIG0000184,2024-07-05,9000000269,ACC042,T03,Roventra,Email,Dose and safety,0,0,0
DIG0000185,2024-02-29,9000000269,ACC042,T03,Roventra,Webinar,Patient identification,1,1,0
DIG0000186,2024-10-02,9000000269,ACC042,T03,Nexoral,Email,Prior authorization,0,0,0
DIG0000187,2025-01-16,9000000269,ACC042,T03,Vexpro,Web Visit,Dose and safety,1,1,1
DIG0000188,2024-05-04,9000000544,ACC044,T05,Nexoral,Web Visit,Prior authorization,1,0,0
DIG0000189,2025-01-23,9000000544,ACC044,T05,Vexpro,Webinar,Coverage,1,1,0
DIG0000190,2024-11-15,9000000544,ACC044,T05,Roventra,Paid Media,Prior authorization,1,0,0
DIG0000191,2024-07-16,9000000544,ACC044,T05,Vexpro,Web Visit,Dose and safety,0,0,0
DIG0000192,2024-03-25,9000000544,ACC044,T05,Roventra,Webinar,Coverage,1,0,0
DIG0000193,2024-09-29,9000000655,ACC045,T06,Roventra,Content Hub,Patient identification,1,1,0
DIG0000194,2024-10-04,9000000655,ACC045,T06,Roventra,Email,Dose and safety,0,0,0
DIG0000195,2024-09-10,9000000017,ACC046,T07,Nexoral,Web Visit,Adherence,1,1,1
DIG0000196,2024-10-17,9000000007,ACC047,T08,Vexpro,Paid Media,Coverage,1,1,1
DIG0000197,2024-06-25,9000000007,ACC047,T08,Vexpro,Content Hub,Coverage,1,1,1
DIG0000198,2024-09-17,9000000007,ACC047,T08,Roventra,Webinar,Dose and safety,0,0,0
DIG0000199,2024-07-21,9000000007,ACC047,T08,Roventra,Paid Media,Dose and safety,1,1,0
DIG0000200,2024-09-07,9000000027,ACC047,T08,Roventra,Email,Referral workflow,1,0,0
DIG0000201,2024-10-30,9000000027,ACC047,T08,Vexpro,Paid Media,Referral workflow,1,1,0
DIG0000202,2024-01-25,9000000027,ACC047,T08,Vexpro,Web Visit,Prior authorization,1,0,0
DIG0000203,2024-01-25,9000000027,ACC047,T08,Roventra,Webinar,Prior authorization,1,0,0
DIG0000204,2024-01-09,9000000293,ACC048,T01,Roventra,Web Visit,Coverage,0,0,0
DIG0000205,2025-01-28,9000000549,ACC048,T01,Roventra,Web Visit,Prior authorization,1,1,0
DIG0000206,2024-05-02,9000000034,ACC049,T02,Roventra,Paid Media,Prior authorization,1,1,1
DIG0000207,2024-05-14,9000000034,ACC049,T02,Roventra,Web Visit,Patient identification,1,0,0
DIG0000208,2024-01-15,9000000034,ACC049,T02,Nexoral,Web Visit,Dose and safety,1,1,0
DIG0000209,2024-07-13,9000000034,ACC049,T02,Nexoral,Web Visit,Dose and safety,1,0,0
DIG0000210,2024-07-25,9000000223,ACC050,T03,Vexpro,Paid Media,Referral workflow,1,0,0
DIG0000211,2024-12-03,9000000539,ACC051,T04,Roventra,Content Hub,Prior authorization,1,0,0
DIG0000212,2024-08-26,9000000539,ACC051,T04,Roventra,Email,Coverage,0,0,0
DIG0000213,2024-01-12,9000000539,ACC051,T04,Roventra,Web Visit,Adherence,0,0,0
DIG0000214,2024-12-03,9000000539,ACC051,T04,Roventra,Content Hub,Patient identification,1,1,0
DIG0000215,2024-03-16,9000000023,ACC052,T05,Roventra,Web Visit,Prior authorization,1,0,0
DIG0000216,2024-07-17,9000000023,ACC052,T05,Roventra,Web Visit,Dose and safety,1,1,0
DIG0000217,2024-09-30,9000000023,ACC052,T05,Roventra,Content Hub,Coverage,1,0,0
DIG0000218,2025-01-29,9000000023,ACC052,T05,Vexpro,Email,Dose and safety,1,1,0
DIG0000219,2024-01-21,9000000023,ACC052,T05,Roventra,Content Hub,Patient identification,0,0,0
DIG0000220,2024-10-23,9000000367,ACC053,T06,Roventra,Content Hub,Coverage,1,0,0
DIG0000221,2025-01-20,9000000586,ACC053,T06,Nexoral,Content Hub,Dose and safety,1,1,0
DIG0000222,2024-01-24,9000000586,ACC053,T06,Vexpro,Web Visit,Prior authorization,0,0,0
DIG0000223,2024-10-04,9000000122,ACC054,T07,Nexoral,Paid Media,Coverage,1,0,0
DIG0000224,2024-04-11,9000000122,ACC054,T07,Roventra,Web Visit,Prior authorization,1,0,0
DIG0000225,2024-05-17,9000000122,ACC054,T07,Vexpro,Webinar,Referral workflow,0,0,0
DIG0000226,2024-06-03,9000000122,ACC054,T07,Vexpro,Email,Referral workflow,1,1,1
DIG0000227,2024-03-06,9000000122,ACC054,T07,Nexoral,Paid Media,Referral workflow,1,1,0
DIG0000228,2024-07-23,9000000332,ACC054,T07,Roventra,Web Visit,Patient identification,1,0,0
DIG0000229,2024-04-23,9000000332,ACC054,T07,Roventra,Web Visit,Adherence,0,0,0
DIG0000230,2024-02-28,9000000332,ACC054,T07,Vexpro,Paid Media,Prior authorization,1,1,0
DIG0000231,2024-09-23,9000000332,ACC054,T07,Roventra,Webinar,Adherence,1,0,0
DIG0000232,2025-01-25,9000000521,ACC054,T07,Vexpro,Webinar,Dose and safety,1,1,0
DIG0000233,2024-10-22,9000000521,ACC054,T07,Nexoral,Web Visit,Patient identification,1,0,0
DIG0000234,2024-02-18,9000000521,ACC054,T07,Vexpro,Content Hub,Referral workflow,1,1,0
DIG0000235,2024-01-07,9000000521,ACC054,T07,Nexoral,Web Visit,Coverage,1,1,0
DIG0000236,2025-01-01,9000000136,ACC056,T01,Roventra,Web Visit,Referral workflow,0,0,0
DIG0000237,2024-10-25,9000000136,ACC056,T01,Vexpro,Paid Media,Adherence,1,1,0
DIG0000238,2024-12-22,9000000407,ACC056,T01,Vexpro,Content Hub,Coverage,1,0,0
DIG0000239,2024-12-12,9000000407,ACC056,T01,Nexoral,Paid Media,Dose and safety,1,1,0
DIG0000240,2024-07-26,9000000407,ACC056,T01,Roventra,Email,Coverage,1,0,0
DIG0000241,2025-01-07,9000000407,ACC056,T01,Roventra,Content Hub,Dose and safety,1,0,0
DIG0000242,2024-12-12,9000000407,ACC056,T01,Roventra,Paid Media,Referral workflow,1,1,0
DIG0000243,2024-10-27,9000000439,ACC056,T01,Vexpro,Webinar,Adherence,0,0,0
DIG0000244,2024-09-03,9000000439,ACC056,T01,Vexpro,Web Visit,Referral workflow,1,1,0
DIG0000245,2024-07-05,9000000358,ACC058,T03,Nexoral,Content Hub,Patient identification,1,1,0
DIG0000246,2024-03-26,9000000226,ACC059,T04,Nexoral,Email,Referral workflow,1,1,0
DIG0000247,2024-06-10,9000000226,ACC059,T04,Nexoral,Paid Media,Referral workflow,0,0,0
DIG0000248,2024-11-08,9000000226,ACC059,T04,Vexpro,Email,Coverage,1,1,0
DIG0000249,2024-09-07,9000000394,ACC059,T04,Roventra,Webinar,Referral workflow,1,1,1
DIG0000250,2024-07-09,9000000415,ACC059,T04,Vexpro,Content Hub,Coverage,1,1,0
DIG0000251,2024-01-25,9000000415,ACC059,T04,Roventra,Web Visit,Referral workflow,1,0,0
DIG0000252,2024-06-05,9000000415,ACC059,T04,Nexoral,Webinar,Referral workflow,1,1,0
DIG0000253,2024-04-08,9000000415,ACC059,T04,Roventra,Content Hub,Referral workflow,0,0,0
DIG0000254,2024-01-07,9000000422,ACC059,T04,Vexpro,Webinar,Prior authorization,0,0,0
DIG0000255,2024-02-02,9000000422,ACC059,T04,Vexpro,Email,Prior authorization,1,0,0
DIG0000256,2024-08-24,9000000422,ACC059,T04,Roventra,Email,Referral workflow,1,1,0
DIG0000257,2024-12-22,9000000056,ACC060,T05,Roventra,Paid Media,Patient identification,0,0,0
DIG0000258,2024-05-18,9000000326,ACC061,T06,Vexpro,Paid Media,Dose and safety,1,0,0
DIG0000259,2024-03-27,9000000162,ACC062,T07,Nexoral,Webinar,Patient identification,0,0,0
DIG0000260,2024-10-18,9000000162,ACC062,T07,Roventra,Email,Adherence,1,1,0
DIG0000261,2024-12-02,9000000162,ACC062,T07,Nexoral,Webinar,Coverage,1,0,0
DIG0000262,2024-03-29,9000000162,ACC062,T07,Nexoral,Content Hub,Dose and safety,1,1,0
DIG0000263,2024-09-02,9000000343,ACC063,T08,Roventra,Content Hub,Prior authorization,1,0,0
DIG0000264,2024-07-07,9000000555,ACC064,T01,Vexpro,Email,Coverage,1,1,0
DIG0000265,2024-10-10,9000000421,ACC065,T02,Vexpro,Paid Media,Patient identification,1,0,0
DIG0000266,2024-11-06,9000000188,ACC067,T04,Roventra,Paid Media,Coverage,1,1,0
DIG0000267,2024-02-29,9000000188,ACC067,T04,Roventra,Webinar,Patient identification,1,1,1
DIG0000268,2024-09-14,9000000188,ACC067,T04,Roventra,Paid Media,Referral workflow,1,0,0
DIG0000269,2024-09-02,9000000188,ACC067,T04,Roventra,Paid Media,Adherence,1,0,0
DIG0000270,2024-12-30,9000000003,ACC068,T05,Vexpro,Web Visit,Dose and safety,0,0,0
DIG0000271,2024-08-01,9000000003,ACC068,T05,Roventra,Web Visit,Dose and safety,1,0,0
DIG0000272,2024-11-11,9000000003,ACC068,T05,Vexpro,Email,Prior authorization,1,1,0
DIG0000273,2024-08-27,9000000053,ACC069,T06,Nexoral,Webinar,Dose and safety,1,1,1
DIG0000274,2024-09-13,9000000053,ACC069,T06,Vexpro,Webinar,Prior authorization,0,0,0
DIG0000275,2024-08-26,9000000053,ACC069,T06,Vexpro,Paid Media,Dose and safety,1,0,0
DIG0000276,2024-05-28,9000000053,ACC069,T06,Roventra,Email,Referral workflow,1,0,0
DIG0000277,2024-11-05,9000000420,ACC069,T06,Nexoral,Email,Referral workflow,1,1,0
DIG0000278,2024-02-04,9000000588,ACC069,T06,Nexoral,Webinar,Adherence,1,1,1
DIG0000279,2024-07-27,9000000588,ACC069,T06,Vexpro,Content Hub,Patient identification,0,0,0
DIG0000280,2024-05-22,9000000588,ACC069,T06,Roventra,Paid Media,Prior authorization,1,0,0
DIG0000281,2024-07-20,9000000568,ACC070,T07,Nexoral,Email,Referral workflow,0,0,0
DIG0000282,2024-08-13,9000000568,ACC070,T07,Vexpro,Paid Media,Coverage,0,0,0
DIG0000283,2024-04-16,9000000568,ACC070,T07,Vexpro,Paid Media,Patient identification,1,0,0
DIG0000284,2024-01-22,9000000568,ACC070,T07,Vexpro,Email,Adherence,1,1,0
DIG0000285,2024-10-27,9000000568,ACC070,T07,Roventra,Content Hub,Prior authorization,1,1,1
DIG0000286,2024-03-18,9000000629,ACC070,T07,Roventra,Paid Media,Coverage,0,0,0
DIG0000287,2024-05-13,9000000119,ACC071,T08,Roventra,Content Hub,Prior authorization,1,0,0
DIG0000288,2024-03-27,9000000119,ACC071,T08,Nexoral,Webinar,Coverage,1,1,1
DIG0000289,2024-08-12,9000000119,ACC071,T08,Roventra,Email,Dose and safety,0,0,0
DIG0000290,2024-02-18,9000000185,ACC071,T08,Roventra,Email,Prior authorization,1,1,0
DIG0000291,2024-08-31,9000000292,ACC072,T01,Vexpro,Web Visit,Patient identification,1,1,0
DIG0000292,2024-04-16,9000000292,ACC072,T01,Vexpro,Web Visit,Adherence,0,0,0
DIG0000293,2024-08-16,9000000292,ACC072,T01,Vexpro,Email,Patient identification,0,0,0
DIG0000294,2024-08-12,9000000292,ACC072,T01,Roventra,Email,Patient identification,1,0,0
DIG0000295,2024-06-23,9000000292,ACC072,T01,Roventra,Email,Dose and safety,1,0,0
DIG0000296,2024-11-16,9000000632,ACC072,T01,Roventra,Web Visit,Prior authorization,1,0,0
DIG0000297,2024-01-28,9000000632,ACC072,T01,Roventra,Web Visit,Adherence,1,1,0
DIG0000298,2024-10-08,9000000632,ACC072,T01,Roventra,Paid Media,Dose and safety,1,1,0
DIG0000299,2024-08-08,9000000632,ACC072,T01,Vexpro,Content Hub,Dose and safety,1,1,0
DIG0000300,2024-07-18,9000000127,ACC073,T02,Nexoral,Web Visit,Adherence,1,1,0
DIG0000301,2024-10-07,9000000127,ACC073,T02,Roventra,Web Visit,Prior authorization,1,1,0
DIG0000302,2024-11-07,9000000127,ACC073,T02,Vexpro,Content Hub,Patient identification,1,0,0
DIG0000303,2024-04-18,9000000127,ACC073,T02,Roventra,Paid Media,Prior authorization,0,0,0
DIG0000304,2024-12-23,9000000127,ACC073,T02,Nexoral,Paid Media,Adherence,1,0,0
DIG0000305,2024-06-18,9000000270,ACC073,T02,Roventra,Content Hub,Patient identification,1,1,1
DIG0000306,2024-11-09,9000000408,ACC074,T03,Roventra,Content Hub,Dose and safety,1,1,0
DIG0000307,2025-01-24,9000000408,ACC074,T03,Nexoral,Web Visit,Adherence,1,0,0
DIG0000308,2024-06-22,9000000459,ACC074,T03,Vexpro,Content Hub,Dose and safety,1,0,0
DIG0000309,2024-04-10,9000000459,ACC074,T03,Nexoral,Web Visit,Prior authorization,1,0,0
DIG0000310,2025-01-29,9000000459,ACC074,T03,Roventra,Paid Media,Referral workflow,0,0,0
DIG0000311,2024-06-10,9000000477,ACC074,T03,Nexoral,Paid Media,Patient identification,1,1,0
DIG0000312,2024-09-08,9000000477,ACC074,T03,Vexpro,Content Hub,Prior authorization,1,1,0
DIG0000313,2024-09-04,9000000165,ACC075,T04,Roventra,Email,Adherence,1,1,0
DIG0000314,2024-12-04,9000000165,ACC075,T04,Vexpro,Web Visit,Prior authorization,0,0,0
DIG0000315,2024-12-13,9000000165,ACC075,T04,Roventra,Webinar,Coverage,0,0,0
DIG0000316,2024-02-06,9000000165,ACC075,T04,Roventra,Content Hub,Patient identification,0,0,0
DIG0000317,2024-07-02,9000000165,ACC075,T04,Nexoral,Email,Prior authorization,1,1,0
DIG0000318,2024-07-02,9000000513,ACC075,T04,Nexoral,Paid Media,Coverage,1,1,0
DIG0000319,2024-09-26,9000000513,ACC075,T04,Roventra,Content Hub,Referral workflow,0,0,0
DIG0000320,2024-10-18,9000000519,ACC075,T04,Vexpro,Web Visit,Dose and safety,1,1,0
DIG0000321,2024-06-28,9000000637,ACC075,T04,Vexpro,Webinar,Referral workflow,1,0,0
DIG0000322,2024-05-29,9000000637,ACC075,T04,Nexoral,Web Visit,Coverage,1,1,0
DIG0000323,2024-12-07,9000000637,ACC075,T04,Vexpro,Paid Media,Dose and safety,0,0,0
DIG0000324,2024-04-13,9000000637,ACC075,T04,Vexpro,Content Hub,Coverage,1,0,0
DIG0000325,2024-03-20,9000000637,ACC075,T04,Nexoral,Email,Referral workflow,1,1,0
DIG0000326,2024-06-18,9000000336,ACC076,T05,Vexpro,Web Visit,Prior authorization,1,0,0
DIG0000327,2024-06-29,9000000336,ACC076,T05,Vexpro,Content Hub,Prior authorization,0,0,0
DIG0000328,2024-11-07,9000000576,ACC076,T05,Roventra,Web Visit,Coverage,0,0,0
DIG0000329,2024-12-23,9000000576,ACC076,T05,Vexpro,Paid Media,Prior authorization,1,0,0
DIG0000330,2024-05-28,9000000576,ACC076,T05,Roventra,Email,Coverage,0,0,0
DIG0000331,2024-01-13,9000000576,ACC076,T05,Roventra,Webinar,Prior authorization,1,1,0
DIG0000332,2024-04-03,9000000576,ACC076,T05,Nexoral,Web Visit,Referral workflow,1,1,1
DIG0000333,2024-08-21,9000000142,ACC078,T07,Roventra,Content Hub,Dose and safety,1,0,0
DIG0000334,2025-01-01,9000000518,ACC078,T07,Vexpro,Content Hub,Coverage,1,0,0
DIG0000335,2024-05-13,9000000518,ACC078,T07,Roventra,Email,Coverage,1,0,0
DIG0000336,2024-07-23,9000000518,ACC078,T07,Roventra,Web Visit,Patient identification,1,0,0
DIG0000337,2024-07-23,9000000518,ACC078,T07,Roventra,Email,Adherence,0,0,0
DIG0000338,2025-01-26,9000000518,ACC078,T07,Roventra,Content Hub,Adherence,0,0,0
DIG0000339,2024-07-30,9000000392,ACC080,T01,Roventra,Email,Referral workflow,1,0,0
DIG0000340,2024-07-09,9000000202,ACC081,T02,Nexoral,Web Visit,Coverage,1,0,0
DIG0000341,2024-11-03,9000000202,ACC081,T02,Roventra,Content Hub,Dose and safety,1,1,0
DIG0000342,2024-07-16,9000000202,ACC081,T02,Vexpro,Email,Prior authorization,1,0,0
DIG0000343,2024-01-19,9000000540,ACC082,T03,Vexpro,Webinar,Dose and safety,0,0,0
DIG0000344,2024-08-24,9000000540,ACC082,T03,Vexpro,Paid Media,Coverage,1,0,0
DIG0000345,2024-12-01,9000000540,ACC082,T03,Vexpro,Paid Media,Referral workflow,1,1,0
DIG0000346,2024-04-08,9000000540,ACC082,T03,Nexoral,Content Hub,Dose and safety,1,1,0
DIG0000347,2024-09-30,9000000540,ACC082,T03,Roventra,Webinar,Dose and safety,0,0,0
DIG0000348,2024-11-23,9000000330,ACC083,T04,Nexoral,Paid Media,Coverage,0,0,0
DIG0000349,2024-09-02,9000000330,ACC083,T04,Roventra,Webinar,Referral workflow,1,1,0
DIG0000350,2024-06-07,9000000330,ACC083,T04,Vexpro,Paid Media,Coverage,0,0,0
DIG0000351,2024-12-29,9000000187,ACC084,T05,Roventra,Web Visit,Adherence,1,1,1
DIG0000352,2024-08-01,9000000187,ACC084,T05,Roventra,Content Hub,Adherence,1,1,1
DIG0000353,2024-11-14,9000000187,ACC084,T05,Vexpro,Web Visit,Dose and safety,0,0,0
DIG0000354,2024-06-03,9000000187,ACC084,T05,Vexpro,Webinar,Prior authorization,1,0,0
DIG0000355,2024-05-30,9000000187,ACC084,T05,Nexoral,Email,Adherence,1,0,0
DIG0000356,2024-04-17,9000000618,ACC084,T05,Roventra,Email,Patient identification,1,1,0
DIG0000357,2024-12-08,9000000618,ACC084,T05,Nexoral,Email,Adherence,1,0,0
DIG0000358,2024-10-27,9000000658,ACC085,T06,Nexoral,Paid Media,Coverage,0,0,0
DIG0000359,2024-10-09,9000000658,ACC085,T06,Roventra,Webinar,Referral workflow,1,1,0
DIG0000360,2025-01-19,9000000658,ACC085,T06,Roventra,Paid Media,Patient identification,0,0,0
DIG0000361,2024-05-21,9000000658,ACC085,T06,Vexpro,Email,Prior authorization,0,0,0
DIG0000362,2024-07-08,9000000658,ACC085,T06,Roventra,Email,Coverage,1,0,0
DIG0000363,2024-03-26,9000000665,ACC085,T06,Vexpro,Paid Media,Adherence,1,0,0
DIG0000364,2024-06-14,9000000665,ACC085,T06,Vexpro,Web Visit,Dose and safety,0,0,0
DIG0000365,2024-07-24,9000000665,ACC085,T06,Vexpro,Email,Dose and safety,1,0,0
DIG0000366,2024-10-27,9000000219,ACC086,T07,Vexpro,Paid Media,Prior authorization,1,1,0
DIG0000367,2024-07-04,9000000219,ACC086,T07,Roventra,Webinar,Coverage,1,1,0
DIG0000368,2024-10-28,9000000219,ACC086,T07,Roventra,Webinar,Dose and safety,1,1,0
DIG0000369,2024-03-05,9000000219,ACC086,T07,Nexoral,Web Visit,Prior authorization,1,0,0
DIG0000370,2024-02-29,9000000219,ACC086,T07,Roventra,Email,Referral workflow,1,1,0
DIG0000371,2024-01-26,9000000541,ACC086,T07,Roventra,Paid Media,Patient identification,1,1,1
DIG0000372,2025-01-26,9000000541,ACC086,T07,Vexpro,Email,Prior authorization,1,0,0
DIG0000373,2024-12-12,9000000541,ACC086,T07,Roventra,Email,Adherence,1,0,0
DIG0000374,2024-07-08,9000000613,ACC086,T07,Nexoral,Email,Referral workflow,1,0,0
DIG0000375,2024-04-10,9000000613,ACC086,T07,Nexoral,Paid Media,Patient identification,0,0,0
DIG0000376,2024-08-01,9000000613,ACC086,T07,Vexpro,Paid Media,Coverage,0,0,0
DIG0000377,2024-02-05,9000000101,ACC087,T08,Nexoral,Web Visit,Prior authorization,1,0,0
DIG0000378,2024-11-06,9000000101,ACC087,T08,Roventra,Webinar,Referral workflow,1,0,0
DIG0000379,2024-05-27,9000000101,ACC087,T08,Roventra,Email,Adherence,1,0,0
DIG0000380,2024-09-12,9000000089,ACC088,T01,Nexoral,Content Hub,Prior authorization,1,1,0
DIG0000381,2024-09-11,9000000089,ACC088,T01,Roventra,Content Hub,Adherence,1,1,0
DIG0000382,2024-10-23,9000000089,ACC088,T01,Nexoral,Paid Media,Adherence,1,0,0
DIG0000383,2024-04-16,9000000108,ACC088,T01,Roventra,Content Hub,Coverage,1,0,0
DIG0000384,2024-02-08,9000000108,ACC088,T01,Nexoral,Web Visit,Patient identification,1,1,0
DIG0000385,2024-04-09,9000000108,ACC088,T01,Vexpro,Email,Adherence,1,0,0
DIG0000386,2024-10-06,9000000413,ACC088,T01,Nexoral,Web Visit,Patient identification,1,1,0
DIG0000387,2024-11-19,9000000413,ACC088,T01,Roventra,Email,Prior authorization,0,0,0
DIG0000388,2024-03-30,9000000627,ACC088,T01,Roventra,Content Hub,Adherence,1,0,0
DIG0000389,2024-08-25,9000000627,ACC088,T01,Nexoral,Paid Media,Patient identification,1,0,0
DIG0000390,2024-04-08,9000000627,ACC088,T01,Roventra,Web Visit,Referral workflow,1,0,0
DIG0000391,2025-01-05,9000000280,ACC089,T02,Vexpro,Content Hub,Patient identification,1,1,0
DIG0000392,2024-03-27,9000000280,ACC089,T02,Vexpro,Email,Referral workflow,0,0,0
DIG0000393,2024-09-17,9000000280,ACC089,T02,Roventra,Content Hub,Patient identification,1,0,0
DIG0000394,2024-02-09,9000000302,ACC090,T03,Vexpro,Email,Patient identification,1,0,0
DIG0000395,2025-01-26,9000000302,ACC090,T03,Nexoral,Webinar,Adherence,1,0,0
DIG0000396,2024-08-25,9000000140,ACC091,T04,Vexpro,Content Hub,Dose and safety,1,0,0
DIG0000397,2024-01-31,9000000140,ACC091,T04,Roventra,Email,Adherence,0,0,0
DIG0000398,2024-09-26,9000000140,ACC091,T04,Nexoral,Webinar,Patient identification,0,0,0
DIG0000399,2024-01-26,9000000068,ACC092,T05,Nexoral,Paid Media,Dose and safety,0,0,0
DIG0000400,2024-01-06,9000000207,ACC094,T07,Vexpro,Content Hub,Prior authorization,0,0,0
DIG0000401,2024-12-17,9000000207,ACC094,T07,Nexoral,Web Visit,Adherence,0,0,0
DIG0000402,2024-03-05,9000000207,ACC094,T07,Roventra,Content Hub,Adherence,1,0,0
DIG0000403,2024-02-04,9000000207,ACC094,T07,Vexpro,Paid Media,Referral workflow,1,0,0
DIG0000404,2024-10-10,9000000207,ACC094,T07,Vexpro,Web Visit,Prior authorization,1,0,0
DIG0000405,2024-10-07,9000000282,ACC094,T07,Nexoral,Paid Media,Dose and safety,1,1,1
DIG0000406,2024-03-28,9000000282,ACC094,T07,Vexpro,Web Visit,Referral workflow,0,0,0
DIG0000407,2024-12-23,9000000282,ACC094,T07,Nexoral,Content Hub,Adherence,1,1,0
DIG0000408,2024-03-18,9000000282,ACC094,T07,Nexoral,Web Visit,Prior authorization,1,0,0
DIG0000409,2024-07-27,9000000282,ACC094,T07,Roventra,Email,Referral workflow,1,1,1
DIG0000410,2024-06-20,9000000390,ACC094,T07,Roventra,Email,Adherence,1,1,0
DIG0000411,2024-09-06,9000000390,ACC094,T07,Roventra,Paid Media,Coverage,1,1,0
DIG0000412,2024-01-04,9000000390,ACC094,T07,Roventra,Webinar,Prior authorization,0,0,0
DIG0000413,2024-03-18,9000000390,ACC094,T07,Roventra,Paid Media,Dose and safety,1,1,0
DIG0000414,2024-09-01,9000000418,ACC094,T07,Nexoral,Email,Dose and safety,1,0,0
DIG0000415,2024-05-22,9000000418,ACC094,T07,Vexpro,Web Visit,Patient identification,1,0,0
DIG0000416,2024-02-23,9000000464,ACC094,T07,Nexoral,Webinar,Dose and safety,1,0,0
DIG0000417,2024-03-21,9000000464,ACC094,T07,Nexoral,Email,Referral workflow,1,0,0
DIG0000418,2024-07-15,9000000464,ACC094,T07,Roventra,Content Hub,Prior authorization,1,0,0
DIG0000419,2024-01-16,9000000464,ACC094,T07,Vexpro,Webinar,Referral workflow,1,0,0
DIG0000420,2024-08-26,9000000464,ACC094,T07,Roventra,Web Visit,Referral workflow,1,1,0
DIG0000421,2024-03-10,9000000559,ACC094,T07,Roventra,Email,Patient identification,1,1,0
DIG0000422,2024-04-14,9000000559,ACC094,T07,Vexpro,Content Hub,Referral workflow,1,0,0
DIG0000423,2024-08-13,9000000559,ACC094,T07,Vexpro,Content Hub,Dose and safety,0,0,0
DIG0000424,2024-05-19,9000000559,ACC094,T07,Roventra,Webinar,Adherence,0,0,0
DIG0000425,2024-06-25,9000000538,ACC095,T08,Roventra,Content Hub,Prior authorization,1,1,1
DIG0000426,2024-08-30,9000000538,ACC095,T08,Roventra,Content Hub,Dose and safety,1,0,0
DIG0000427,2024-06-19,9000000538,ACC095,T08,Nexoral,Content Hub,Referral workflow,1,1,0
DIG0000428,2024-03-08,9000000538,ACC095,T08,Roventra,Content Hub,Dose and safety,1,0,0
DIG0000429,2024-09-13,9000000538,ACC095,T08,Roventra,Email,Referral workflow,1,0,0
DIG0000430,2024-09-22,9000000004,ACC096,T01,Roventra,Content Hub,Patient identification,0,0,0
DIG0000431,2024-10-16,9000000088,ACC096,T01,Vexpro,Email,Patient identification,1,0,0
DIG0000432,2024-04-12,9000000088,ACC096,T01,Nexoral,Content Hub,Coverage,1,1,1
DIG0000433,2024-02-19,9000000088,ACC096,T01,Nexoral,Content Hub,Coverage,1,1,0
DIG0000434,2024-05-05,9000000088,ACC096,T01,Nexoral,Web Visit,Referral workflow,1,0,0
DIG0000435,2024-01-10,9000000088,ACC096,T01,Roventra,Web Visit,Prior authorization,1,1,0
DIG0000436,2024-03-03,9000000254,ACC096,T01,Roventra,Paid Media,Adherence,1,1,0
DIG0000437,2024-03-30,9000000254,ACC096,T01,Roventra,Paid Media,Referral workflow,1,0,0
DIG0000438,2024-11-16,9000000306,ACC096,T01,Roventra,Webinar,Coverage,1,0,0
DIG0000439,2024-08-20,9000000306,ACC096,T01,Vexpro,Paid Media,Referral workflow,1,0,0
DIG0000440,2024-02-29,9000000306,ACC096,T01,Nexoral,Email,Adherence,1,1,1
DIG0000441,2024-05-30,9000000306,ACC096,T01,Nexoral,Web Visit,Prior authorization,0,0,0
DIG0000442,2024-02-06,9000000306,ACC096,T01,Vexpro,Web Visit,Adherence,1,0,0
DIG0000443,2024-06-07,9000000151,ACC097,T02,Roventra,Email,Dose and safety,0,0,0
DIG0000444,2024-05-31,9000000151,ACC097,T02,Roventra,Email,Coverage,1,0,0
DIG0000445,2024-08-14,9000000151,ACC097,T02,Nexoral,Web Visit,Dose and safety,1,0,0
DIG0000446,2024-08-30,9000000646,ACC097,T02,Roventra,Web Visit,Adherence,0,0,0
DIG0000447,2024-06-30,9000000468,ACC098,T03,Roventra,Webinar,Prior authorization,1,0,0
DIG0000448,2024-08-02,9000000321,ACC100,T05,Vexpro,Content Hub,Dose and safety,1,1,0
DIG0000449,2024-06-23,9000000321,ACC100,T05,Nexoral,Web Visit,Adherence,1,0,0
DIG0000450,2024-03-17,9000000009,ACC101,T06,Vexpro,Web Visit,Adherence,1,0,0
DIG0000451,2024-04-11,9000000009,ACC101,T06,Roventra,Content Hub,Adherence,0,0,0
DIG0000452,2024-04-25,9000000067,ACC101,T06,Roventra,Webinar,Patient identification,0,0,0
DIG0000453,2024-01-28,9000000067,ACC101,T06,Vexpro,Paid Media,Prior authorization,1,1,0
DIG0000454,2024-05-18,9000000067,ACC101,T06,Roventra,Web Visit,Dose and safety,0,0,0
DIG0000455,2024-12-12,9000000067,ACC101,T06,Nexoral,Email,Referral workflow,1,1,0
DIG0000456,2024-08-05,9000000021,ACC102,T07,Nexoral,Webinar,Adherence,1,0,0
DIG0000457,2024-03-01,9000000021,ACC102,T07,Vexpro,Email,Adherence,1,1,0
DIG0000458,2024-09-05,9000000021,ACC102,T07,Nexoral,Web Visit,Prior authorization,1,0,0
DIG0000459,2024-12-29,9000000198,ACC102,T07,Nexoral,Paid Media,Patient identification,0,0,0
DIG0000460,2024-01-18,9000000198,ACC102,T07,Nexoral,Web Visit,Coverage,1,0,0
DIG0000461,2024-10-04,9000000286,ACC102,T07,Vexpro,Email,Coverage,1,1,1
DIG0000462,2024-09-01,9000000286,ACC102,T07,Nexoral,Webinar,Patient identification,1,1,0
DIG0000463,2024-06-27,9000000286,ACC102,T07,Vexpro,Paid Media,Coverage,1,0,0
DIG0000464,2024-06-07,9000000499,ACC102,T07,Roventra,Content Hub,Dose and safety,0,0,0
DIG0000465,2024-12-21,9000000499,ACC102,T07,Roventra,Paid Media,Coverage,1,0,0
DIG0000466,2024-06-28,9000000499,ACC102,T07,Nexoral,Content Hub,Patient identification,0,0,0
DIG0000467,2024-11-23,9000000499,ACC102,T07,Nexoral,Content Hub,Adherence,1,1,0
DIG0000468,2024-03-18,9000000499,ACC102,T07,Nexoral,Paid Media,Patient identification,0,0,0
DIG0000469,2024-05-07,9000000057,ACC103,T08,Vexpro,Paid Media,Adherence,1,1,0
DIG0000470,2024-04-21,9000000333,ACC104,T01,Nexoral,Content Hub,Referral workflow,1,0,0
DIG0000471,2024-08-28,9000000333,ACC104,T01,Roventra,Content Hub,Coverage,0,0,0
DIG0000472,2025-01-24,9000000333,ACC104,T01,Vexpro,Webinar,Adherence,1,0,0
DIG0000473,2024-10-17,9000000333,ACC104,T01,Nexoral,Paid Media,Prior authorization,1,1,0
DIG0000474,2025-01-05,9000000601,ACC106,T03,Vexpro,Web Visit,Adherence,0,0,0
DIG0000475,2024-10-28,9000000601,ACC106,T03,Roventra,Paid Media,Prior authorization,1,1,0
DIG0000476,2024-07-25,9000000013,ACC108,T05,Vexpro,Paid Media,Coverage,1,1,0
DIG0000477,2024-08-04,9000000013,ACC108,T05,Vexpro,Web Visit,Dose and safety,1,1,0
DIG0000478,2024-04-29,9000000013,ACC108,T05,Nexoral,Webinar,Referral workflow,0,0,0
DIG0000479,2024-10-12,9000000013,ACC108,T05,Nexoral,Webinar,Referral workflow,1,0,0
DIG0000480,2024-09-28,9000000492,ACC108,T05,Vexpro,Web Visit,Prior authorization,0,0,0
DIG0000481,2024-07-28,9000000492,ACC108,T05,Vexpro,Web Visit,Coverage,0,0,0
DIG0000482,2024-03-13,9000000492,ACC108,T05,Nexoral,Email,Adherence,0,0,0
DIG0000483,2024-04-14,9000000164,ACC109,T06,Vexpro,Web Visit,Prior authorization,1,0,0
DIG0000484,2024-07-20,9000000164,ACC109,T06,Nexoral,Web Visit,Coverage,1,0,0
DIG0000485,2024-09-19,9000000164,ACC109,T06,Roventra,Email,Patient identification,1,0,0
DIG0000486,2024-01-20,9000000164,ACC109,T06,Nexoral,Content Hub,Adherence,1,0,0
DIG0000487,2024-10-17,9000000164,ACC109,T06,Vexpro,Webinar,Referral workflow,1,0,0
DIG0000488,2024-11-06,9000000520,ACC110,T07,Nexoral,Email,Patient identification,1,0,0
DIG0000489,2024-07-05,9000000520,ACC110,T07,Roventra,Webinar,Prior authorization,0,0,0
DIG0000490,2024-11-01,9000000520,ACC110,T07,Vexpro,Webinar,Dose and safety,1,1,0
DIG0000491,2024-07-19,9000000520,ACC110,T07,Nexoral,Web Visit,Dose and safety,1,1,1
DIG0000492,2024-10-14,9000000097,ACC111,T08,Roventra,Email,Patient identification,1,1,0
DIG0000493,2024-01-23,9000000097,ACC111,T08,Roventra,Web Visit,Prior authorization,0,0,0
DIG0000494,2024-09-03,9000000097,ACC111,T08,Roventra,Webinar,Prior authorization,1,0,0
DIG0000495,2024-07-12,9000000097,ACC111,T08,Roventra,Paid Media,Patient identification,1,1,0
DIG0000496,2024-10-30,9000000097,ACC111,T08,Nexoral,Paid Media,Patient identification,0,0,0
DIG0000497,2024-11-01,9000000229,ACC111,T08,Vexpro,Paid Media,Coverage,1,0,0
DIG0000498,2024-02-17,9000000633,ACC111,T08,Roventra,Webinar,Prior authorization,0,0,0
DIG0000499,2024-07-08,9000000104,ACC112,T01,Roventra,Content Hub,Prior authorization,1,0,0
DIG0000500,2024-01-21,9000000104,ACC112,T01,Vexpro,Paid Media,Prior authorization,1,1,0
DIG0000501,2024-10-22,9000000104,ACC112,T01,Roventra,Paid Media,Prior authorization,1,0,0
DIG0000502,2024-10-18,9000000279,ACC112,T01,Nexoral,Web Visit,Patient identification,1,0,0
DIG0000503,2024-04-13,9000000279,ACC112,T01,Nexoral,Web Visit,Referral workflow,1,0,0
DIG0000504,2024-12-03,9000000361,ACC112,T01,Roventra,Web Visit,Coverage,0,0,0
DIG0000505,2024-05-14,9000000361,ACC112,T01,Nexoral,Web Visit,Adherence,0,0,0
DIG0000506,2024-11-09,9000000361,ACC112,T01,Vexpro,Web Visit,Referral workflow,1,0,0
DIG0000507,2024-02-20,9000000361,ACC112,T01,Vexpro,Paid Media,Adherence,1,0,0
DIG0000508,2024-05-07,9000000361,ACC112,T01,Roventra,Email,Adherence,1,0,0
DIG0000509,2024-01-12,9000000609,ACC112,T01,Roventra,Paid Media,Prior authorization,1,0,0
DIG0000510,2024-03-05,9000000609,ACC112,T01,Roventra,Email,Prior authorization,1,0,0
DIG0000511,2024-12-15,9000000609,ACC112,T01,Vexpro,Content Hub,Patient identification,0,0,0
DIG0000512,2024-09-22,9000000296,ACC113,T02,Vexpro,Content Hub,Referral workflow,1,0,0
DIG0000513,2024-08-09,9000000296,ACC113,T02,Vexpro,Email,Dose and safety,1,0,0
DIG0000514,2024-08-25,9000000296,ACC113,T02,Roventra,Email,Coverage,0,0,0
DIG0000515,2024-05-14,9000000296,ACC113,T02,Roventra,Email,Coverage,1,1,0
DIG0000516,2024-04-02,9000000296,ACC113,T02,Roventra,Email,Referral workflow,1,0,0
DIG0000517,2024-11-01,9000000462,ACC113,T02,Roventra,Web Visit,Adherence,1,0,0
DIG0000518,2024-10-26,9000000462,ACC113,T02,Roventra,Webinar,Patient identification,1,1,0
DIG0000519,2024-06-13,9000000504,ACC113,T02,Nexoral,Web Visit,Dose and safety,1,0,0
DIG0000520,2024-01-29,9000000504,ACC113,T02,Nexoral,Web Visit,Prior authorization,1,1,0
DIG0000521,2025-01-04,9000000504,ACC113,T02,Roventra,Web Visit,Prior authorization,0,0,0
DIG0000522,2025-01-23,9000000504,ACC113,T02,Roventra,Webinar,Referral workflow,1,1,0
DIG0000523,2024-11-09,9000000504,ACC113,T02,Vexpro,Webinar,Dose and safety,1,1,1
DIG0000524,2024-06-27,9000000158,ACC114,T03,Vexpro,Webinar,Dose and safety,1,0,0
DIG0000525,2024-07-28,9000000158,ACC114,T03,Vexpro,Webinar,Coverage,1,1,0
DIG0000526,2024-05-23,9000000158,ACC114,T03,Roventra,Webinar,Adherence,1,0,0
DIG0000527,2024-06-29,9000000158,ACC114,T03,Roventra,Web Visit,Dose and safety,1,0,0
DIG0000528,2024-02-19,9000000399,ACC114,T03,Vexpro,Web Visit,Dose and safety,1,1,0
DIG0000529,2024-02-09,9000000428,ACC114,T03,Nexoral,Email,Referral workflow,1,1,0
DIG0000530,2024-10-28,9000000428,ACC114,T03,Roventra,Web Visit,Prior authorization,1,1,0
DIG0000531,2024-06-02,9000000599,ACC114,T03,Roventra,Email,Coverage,1,1,1
DIG0000532,2024-10-23,9000000599,ACC114,T03,Vexpro,Web Visit,Dose and safety,0,0,0
DIG0000533,2025-01-30,9000000102,ACC115,T04,Roventra,Email,Prior authorization,1,1,0
DIG0000534,2024-03-25,9000000102,ACC115,T04,Roventra,Paid Media,Patient identification,1,1,1
DIG0000535,2025-01-02,9000000102,ACC115,T04,Nexoral,Web Visit,Adherence,1,1,0
DIG0000536,2024-01-22,9000000396,ACC116,T05,Roventra,Paid Media,Dose and safety,0,0,0
DIG0000537,2024-12-05,9000000396,ACC116,T05,Roventra,Paid Media,Prior authorization,1,0,0
DIG0000538,2024-09-12,9000000396,ACC116,T05,Nexoral,Web Visit,Coverage,0,0,0
DIG0000539,2024-07-08,9000000396,ACC116,T05,Nexoral,Paid Media,Dose and safety,0,0,0
DIG0000540,2024-02-05,9000000396,ACC116,T05,Roventra,Web Visit,Patient identification,1,1,0
DIG0000541,2024-01-15,9000000135,ACC117,T06,Roventra,Paid Media,Adherence,1,1,1
DIG0000542,2024-04-18,9000000197,ACC117,T06,Nexoral,Web Visit,Adherence,0,0,0
DIG0000543,2025-01-18,9000000197,ACC117,T06,Roventra,Email,Coverage,0,0,0
DIG0000544,2024-03-09,9000000374,ACC117,T06,Vexpro,Webinar,Adherence,1,1,0
DIG0000545,2024-11-28,9000000062,ACC119,T08,Nexoral,Webinar,Coverage,1,0,0
DIG0000546,2024-06-18,9000000062,ACC119,T08,Nexoral,Webinar,Prior authorization,1,1,0
DIG0000547,2024-02-17,9000000172,ACC119,T08,Roventra,Paid Media,Referral workflow,1,1,0
DIG0000548,2024-01-15,9000000172,ACC119,T08,Roventra,Web Visit,Coverage,1,1,1
DIG0000549,2024-09-07,9000000172,ACC119,T08,Roventra,Content Hub,Prior authorization,1,0,0
DIG0000550,2024-01-18,9000000546,ACC119,T08,Roventra,Content Hub,Patient identification,1,1,0
DIG0000551,2024-01-24,9000000096,ACC120,T01,Roventra,Webinar,Adherence,1,1,1
DIG0000552,2025-01-09,9000000096,ACC120,T01,Nexoral,Webinar,Adherence,1,1,1
DIG0000553,2024-08-04,9000000096,ACC120,T01,Roventra,Content Hub,Patient identification,1,0,0
DIG0000554,2024-12-07,9000000096,ACC120,T01,Roventra,Paid Media,Coverage,1,1,0
DIG0000555,2024-01-31,9000000096,ACC120,T01,Roventra,Paid Media,Prior authorization,1,1,1
DIG0000556,2024-02-22,9000000295,ACC120,T01,Roventra,Email,Prior authorization,1,1,0
DIG0000557,2024-09-24,9000000295,ACC120,T01,Nexoral,Email,Coverage,1,1,0
DIG0000558,2024-03-21,9000000295,ACC120,T01,Nexoral,Webinar,Referral workflow,1,1,1
DIG0000559,2024-05-05,9000000295,ACC120,T01,Vexpro,Webinar,Patient identification,1,1,0
DIG0000560,2024-08-20,9000000295,ACC120,T01,Nexoral,Webinar,Dose and safety,0,0,0
DIG0000561,2024-05-09,9000000469,ACC121,T02,Nexoral,Email,Dose and safety,1,0,0
DIG0000562,2024-01-27,9000000469,ACC121,T02,Roventra,Content Hub,Adherence,1,0,0
DIG0000563,2025-01-20,9000000469,ACC121,T02,Vexpro,Content Hub,Dose and safety,1,0,0
DIG0000564,2024-11-21,9000000234,ACC122,T03,Vexpro,Paid Media,Adherence,0,0,0
DIG0000565,2025-01-26,9000000234,ACC122,T03,Vexpro,Webinar,Referral workflow,1,1,0
DIG0000566,2024-05-22,9000000234,ACC122,T03,Vexpro,Email,Adherence,1,1,1
DIG0000567,2024-06-16,9000000234,ACC122,T03,Roventra,Content Hub,Patient identification,0,0,0
DIG0000568,2024-04-24,9000000234,ACC122,T03,Roventra,Paid Media,Adherence,0,0,0
DIG0000569,2024-02-27,9000000247,ACC122,T03,Roventra,Email,Dose and safety,1,1,0
DIG0000570,2024-03-03,9000000247,ACC122,T03,Nexoral,Email,Adherence,0,0,0
DIG0000571,2024-08-16,9000000247,ACC122,T03,Nexoral,Webinar,Coverage,1,1,0
DIG0000572,2024-02-21,9000000035,ACC124,T05,Nexoral,Content Hub,Coverage,0,0,0
DIG0000573,2024-12-07,9000000035,ACC124,T05,Nexoral,Paid Media,Adherence,0,0,0
DIG0000574,2024-07-07,9000000093,ACC124,T05,Vexpro,Web Visit,Prior authorization,1,1,1
DIG0000575,2024-03-06,9000000093,ACC124,T05,Roventra,Webinar,Patient identification,1,1,0
DIG0000576,2024-09-23,9000000093,ACC124,T05,Roventra,Webinar,Patient identification,1,0,0
DIG0000577,2024-02-07,9000000314,ACC125,T06,Roventra,Email,Adherence,0,0,0
DIG0000578,2024-10-25,9000000314,ACC125,T06,Roventra,Paid Media,Referral workflow,1,0,0
DIG0000579,2024-02-23,9000000314,ACC125,T06,Nexoral,Content Hub,Dose and safety,0,0,0
DIG0000580,2025-01-28,9000000010,ACC126,T07,Vexpro,Content Hub,Referral workflow,0,0,0
DIG0000581,2024-01-17,9000000377,ACC127,T08,Roventra,Web Visit,Patient identification,1,0,0
DIG0000582,2024-08-09,9000000377,ACC127,T08,Roventra,Paid Media,Adherence,1,0,0
DIG0000583,2024-07-30,9000000457,ACC127,T08,Nexoral,Webinar,Adherence,1,0,0
DIG0000584,2025-01-10,9000000457,ACC127,T08,Nexoral,Webinar,Dose and safety,1,1,0
DIG0000585,2024-07-07,9000000250,ACC128,T01,Vexpro,Email,Referral workflow,1,1,0
DIG0000586,2025-01-13,9000000364,ACC128,T01,Roventra,Paid Media,Referral workflow,1,1,1
DIG0000587,2024-11-19,9000000364,ACC128,T01,Roventra,Email,Coverage,1,1,0
DIG0000588,2024-05-19,9000000126,ACC129,T02,Vexpro,Web Visit,Prior authorization,1,0,0
DIG0000589,2024-01-03,9000000107,ACC130,T03,Nexoral,Email,Dose and safety,0,0,0
DIG0000590,2024-12-21,9000000107,ACC130,T03,Nexoral,Webinar,Dose and safety,0,0,0
DIG0000591,2024-11-14,9000000107,ACC130,T03,Nexoral,Email,Adherence,1,1,1
DIG0000592,2024-11-10,9000000107,ACC130,T03,Nexoral,Content Hub,Dose and safety,0,0,0
DIG0000593,2024-03-12,9000000107,ACC130,T03,Nexoral,Webinar,Referral workflow,0,0,0
DIG0000594,2024-10-27,9000000340,ACC130,T03,Roventra,Webinar,Referral workflow,1,0,0
DIG0000595,2024-03-18,9000000403,ACC130,T03,Vexpro,Webinar,Patient identification,1,0,0
DIG0000596,2024-06-25,9000000403,ACC130,T03,Roventra,Web Visit,Prior authorization,0,0,0
DIG0000597,2025-01-07,9000000403,ACC130,T03,Nexoral,Content Hub,Patient identification,1,0,0
DIG0000598,2024-10-18,9000000403,ACC130,T03,Nexoral,Webinar,Patient identification,1,0,0
DIG0000599,2024-05-03,9000000214,ACC131,T04,Vexpro,Content Hub,Referral workflow,1,0,0
DIG0000600,2024-12-10,9000000214,ACC131,T04,Nexoral,Content Hub,Prior authorization,0,0,0
DIG0000601,2024-12-12,9000000214,ACC131,T04,Nexoral,Email,Referral workflow,1,0,0
DIG0000602,2024-02-07,9000000214,ACC131,T04,Vexpro,Web Visit,Coverage,1,0,0
DIG0000603,2024-04-06,9000000214,ACC131,T04,Roventra,Webinar,Dose and safety,1,1,0
DIG0000604,2024-07-17,9000000079,ACC132,T05,Nexoral,Paid Media,Prior authorization,1,0,0
DIG0000605,2024-01-19,9000000079,ACC132,T05,Vexpro,Email,Dose and safety,1,0,0
DIG0000606,2025-01-06,9000000079,ACC132,T05,Vexpro,Webinar,Prior authorization,0,0,0
DIG0000607,2024-01-15,9000000114,ACC132,T05,Vexpro,Content Hub,Referral workflow,1,0,0
DIG0000608,2025-01-25,9000000170,ACC132,T05,Nexoral,Content Hub,Prior authorization,1,0,0
DIG0000609,2024-12-19,9000000170,ACC132,T05,Vexpro,Content Hub,Adherence,1,0,0
DIG0000610,2024-07-01,9000000228,ACC132,T05,Vexpro,Content Hub,Prior authorization,0,0,0
DIG0000611,2024-03-23,9000000228,ACC132,T05,Vexpro,Paid Media,Dose and safety,1,0,0
DIG0000612,2025-01-21,9000000228,ACC132,T05,Nexoral,Email,Adherence,1,1,1
DIG0000613,2024-07-26,9000000351,ACC132,T05,Vexpro,Paid Media,Adherence,1,0,0
DIG0000614,2024-11-08,9000000039,ACC133,T06,Roventra,Content Hub,Dose and safety,0,0,0
DIG0000615,2024-07-09,9000000011,ACC134,T07,Nexoral,Webinar,Coverage,0,0,0
DIG0000616,2024-10-17,9000000011,ACC134,T07,Nexoral,Web Visit,Adherence,1,1,0
DIG0000617,2024-09-29,9000000011,ACC134,T07,Roventra,Content Hub,Patient identification,1,1,1
DIG0000618,2025-01-28,9000000011,ACC134,T07,Vexpro,Webinar,Dose and safety,0,0,0
DIG0000619,2024-03-07,9000000012,ACC134,T07,Nexoral,Content Hub,Patient identification,1,1,1
DIG0000620,2024-04-15,9000000012,ACC134,T07,Roventra,Email,Patient identification,1,0,0
DIG0000621,2024-12-28,9000000012,ACC134,T07,Roventra,Paid Media,Patient identification,1,1,1
DIG0000622,2024-02-27,9000000245,ACC135,T08,Nexoral,Web Visit,Patient identification,1,0,0
DIG0000623,2024-08-03,9000000274,ACC135,T08,Vexpro,Paid Media,Coverage,1,0,0
DIG0000624,2024-09-05,9000000274,ACC135,T08,Vexpro,Content Hub,Adherence,1,1,0
DIG0000625,2024-10-04,9000000514,ACC135,T08,Nexoral,Content Hub,Coverage,0,0,0
DIG0000626,2024-11-24,9000000514,ACC135,T08,Roventra,Content Hub,Adherence,1,0,0
DIG0000627,2024-03-23,9000000514,ACC135,T08,Vexpro,Paid Media,Adherence,1,1,0
DIG0000628,2024-06-26,9000000656,ACC135,T08,Roventra,Webinar,Dose and safety,1,1,0
DIG0000629,2025-01-02,9000000656,ACC135,T08,Roventra,Paid Media,Adherence,1,0,0
DIG0000630,2024-07-26,9000000440,ACC137,T02,Vexpro,Paid Media,Coverage,1,0,0
DIG0000631,2024-01-30,9000000440,ACC137,T02,Vexpro,Content Hub,Referral workflow,1,1,0
DIG0000632,2024-03-28,9000000440,ACC137,T02,Nexoral,Web Visit,Prior authorization,1,1,0
DIG0000633,2024-04-30,9000000440,ACC137,T02,Roventra,Web Visit,Referral workflow,1,0,0
DIG0000634,2024-05-04,9000000099,ACC138,T03,Roventra,Paid Media,Adherence,1,1,0
DIG0000635,2024-05-07,9000000099,ACC138,T03,Vexpro,Web Visit,Prior authorization,1,1,0
DIG0000636,2024-02-13,9000000099,ACC138,T03,Nexoral,Content Hub,Dose and safety,0,0,0
DIG0000637,2024-11-10,9000000168,ACC139,T04,Vexpro,Content Hub,Referral workflow,1,0,0
DIG0000638,2024-07-05,9000000168,ACC139,T04,Roventra,Web Visit,Referral workflow,1,0,0
DIG0000639,2024-01-24,9000000243,ACC140,T05,Roventra,Email,Referral workflow,1,1,1
DIG0000640,2024-04-13,9000000243,ACC140,T05,Vexpro,Content Hub,Patient identification,1,0,0
DIG0000641,2024-05-09,9000000243,ACC140,T05,Vexpro,Content Hub,Patient identification,1,1,0
DIG0000642,2024-05-02,9000000243,ACC140,T05,Roventra,Webinar,Referral workflow,1,1,0
DIG0000643,2024-08-02,9000000243,ACC140,T05,Roventra,Content Hub,Prior authorization,1,1,0
DIG0000644,2024-07-10,9000000146,ACC141,T06,Nexoral,Webinar,Patient identification,1,1,0
DIG0000645,2024-08-25,9000000146,ACC141,T06,Vexpro,Webinar,Prior authorization,1,1,0
DIG0000646,2024-01-23,9000000344,ACC142,T07,Vexpro,Webinar,Patient identification,0,0,0
DIG0000647,2024-11-27,9000000171,ACC143,T08,Roventra,Webinar,Dose and safety,1,1,1
DIG0000648,2025-01-06,9000000171,ACC143,T08,Vexpro,Webinar,Patient identification,0,0,0
DIG0000649,2025-01-19,9000000171,ACC143,T08,Vexpro,Email,Coverage,1,0,0
DIG0000650,2024-03-01,9000000171,ACC143,T08,Roventra,Paid Media,Coverage,1,1,1
DIG0000651,2024-01-16,9000000171,ACC143,T08,Vexpro,Paid Media,Dose and safety,1,0,0
DIG0000652,2024-07-08,9000000339,ACC144,T01,Roventra,Webinar,Prior authorization,1,1,0
DIG0000653,2024-01-15,9000000339,ACC144,T01,Vexpro,Web Visit,Coverage,0,0,0
DIG0000654,2025-01-06,9000000339,ACC144,T01,Nexoral,Email,Coverage,0,0,0
DIG0000655,2024-10-23,9000000339,ACC144,T01,Vexpro,Web Visit,Adherence,1,1,0
DIG0000656,2024-10-29,9000000339,ACC144,T01,Vexpro,Web Visit,Dose and safety,1,0,0
DIG0000657,2024-12-30,9000000471,ACC144,T01,Roventra,Webinar,Patient identification,1,1,0
DIG0000658,2024-12-14,9000000471,ACC144,T01,Nexoral,Paid Media,Coverage,1,0,0
DIG0000659,2024-06-06,9000000085,ACC145,T02,Roventra,Content Hub,Coverage,1,1,0
DIG0000660,2024-03-04,9000000131,ACC145,T02,Nexoral,Webinar,Dose and safety,1,0,0
DIG0000661,2024-03-31,9000000131,ACC145,T02,Roventra,Email,Coverage,1,0,0
DIG0000662,2024-06-13,9000000131,ACC145,T02,Roventra,Webinar,Coverage,0,0,0
DIG0000663,2024-04-16,9000000193,ACC146,T03,Roventra,Web Visit,Prior authorization,1,1,0
DIG0000664,2024-11-16,9000000193,ACC146,T03,Nexoral,Paid Media,Coverage,0,0,0
DIG0000665,2024-06-28,9000000193,ACC146,T03,Nexoral,Web Visit,Coverage,1,1,0
DIG0000666,2024-06-26,9000000193,ACC146,T03,Roventra,Content Hub,Patient identification,1,1,1
DIG0000667,2025-01-28,9000000524,ACC146,T03,Roventra,Content Hub,Referral workflow,1,1,0
DIG0000668,2024-07-18,9000000524,ACC146,T03,Nexoral,Web Visit,Coverage,1,1,0
DIG0000669,2024-12-02,9000000524,ACC146,T03,Vexpro,Email,Adherence,1,0,0
DIG0000670,2024-05-01,9000000524,ACC146,T03,Vexpro,Content Hub,Referral workflow,0,0,0
DIG0000671,2024-10-13,9000000249,ACC147,T04,Vexpro,Paid Media,Prior authorization,1,1,0
DIG0000672,2024-03-18,9000000249,ACC147,T04,Roventra,Web Visit,Patient identification,1,1,0
DIG0000673,2024-08-01,9000000249,ACC147,T04,Roventra,Content Hub,Prior authorization,0,0,0
DIG0000674,2024-05-28,9000000249,ACC147,T04,Vexpro,Web Visit,Referral workflow,1,1,0
DIG0000675,2024-02-03,9000000060,ACC148,T05,Roventra,Paid Media,Prior authorization,0,0,0
DIG0000676,2024-11-07,9000000060,ACC148,T05,Roventra,Content Hub,Referral workflow,1,0,0
DIG0000677,2024-02-03,9000000060,ACC148,T05,Vexpro,Web Visit,Coverage,1,0,0
DIG0000678,2024-10-24,9000000060,ACC148,T05,Roventra,Webinar,Referral workflow,1,0,0
DIG0000679,2024-06-08,9000000060,ACC148,T05,Roventra,Web Visit,Prior authorization,1,1,0
DIG0000680,2025-01-12,9000000242,ACC148,T05,Nexoral,Content Hub,Dose and safety,1,1,1
DIG0000681,2024-02-26,9000000242,ACC148,T05,Vexpro,Paid Media,Adherence,1,0,0
DIG0000682,2025-01-01,9000000242,ACC148,T05,Vexpro,Content Hub,Dose and safety,1,0,0
DIG0000683,2024-09-07,9000000029,ACC150,T07,Roventra,Email,Patient identification,0,0,0
DIG0000684,2025-01-31,9000000029,ACC150,T07,Vexpro,Paid Media,Dose and safety,0,0,0
DIG0000685,2024-11-17,9000000278,ACC150,T07,Roventra,Content Hub,Adherence,1,0,0
DIG0000686,2024-10-24,9000000278,ACC150,T07,Vexpro,Paid Media,Prior authorization,1,1,0
DIG0000687,2024-04-20,9000000278,ACC150,T07,Nexoral,Webinar,Prior authorization,0,0,0
DIG0000688,2024-08-21,9000000278,ACC150,T07,Roventra,Content Hub,Coverage,1,1,1
DIG0000689,2024-12-28,9000000230,ACC151,T08,Nexoral,Web Visit,Coverage,1,0,0
DIG0000690,2024-11-04,9000000261,ACC151,T08,Nexoral,Paid Media,Dose and safety,1,1,0
DIG0000691,2024-02-22,9000000261,ACC151,T08,Roventra,Paid Media,Adherence,1,1,0
DIG0000692,2025-01-01,9000000261,ACC151,T08,Vexpro,Web Visit,Coverage,0,0,0
DIG0000693,2025-01-26,9000000261,ACC151,T08,Nexoral,Web Visit,Coverage,1,1,1
DIG0000694,2024-11-12,9000000019,ACC152,T01,Vexpro,Webinar,Prior authorization,1,1,0
DIG0000695,2024-06-29,9000000019,ACC152,T01,Roventra,Email,Referral workflow,0,0,0
DIG0000696,2024-03-14,9000000019,ACC152,T01,Vexpro,Web Visit,Prior authorization,1,1,0
DIG0000697,2024-04-14,9000000019,ACC152,T01,Roventra,Email,Prior authorization,1,0,0
DIG0000698,2024-10-24,9000000040,ACC152,T01,Roventra,Content Hub,Coverage,0,0,0
DIG0000699,2024-10-28,9000000040,ACC152,T01,Roventra,Email,Referral workflow,1,0,0
DIG0000700,2024-02-25,9000000040,ACC152,T01,Vexpro,Email,Dose and safety,0,0,0
DIG0000701,2024-06-22,9000000040,ACC152,T01,Vexpro,Web Visit,Prior authorization,1,0,0
DIG0000702,2024-12-27,9000000040,ACC152,T01,Nexoral,Email,Referral workflow,1,1,0
DIG0000703,2024-01-24,9000000204,ACC153,T02,Vexpro,Email,Coverage,1,0,0
DIG0000704,2024-06-05,9000000204,ACC153,T02,Nexoral,Webinar,Referral workflow,1,1,0
DIG0000705,2024-03-10,9000000204,ACC153,T02,Nexoral,Webinar,Dose and safety,1,0,0
DIG0000706,2025-01-28,9000000204,ACC153,T02,Vexpro,Content Hub,Adherence,1,0,0
DIG0000707,2024-09-19,9000000204,ACC153,T02,Vexpro,Webinar,Prior authorization,1,1,0
DIG0000708,2024-03-03,9000000272,ACC153,T02,Nexoral,Webinar,Patient identification,0,0,0
DIG0000709,2024-01-25,9000000272,ACC153,T02,Roventra,Content Hub,Patient identification,1,0,0
DIG0000710,2024-05-22,9000000331,ACC154,T03,Nexoral,Webinar,Dose and safety,1,1,0
DIG0000711,2024-12-31,9000000331,ACC154,T03,Roventra,Webinar,Patient identification,1,0,0
DIG0000712,2024-01-13,9000000331,ACC154,T03,Roventra,Content Hub,Patient identification,1,1,1
DIG0000713,2024-11-02,9000000331,ACC154,T03,Nexoral,Content Hub,Patient identification,1,0,0
DIG0000714,2024-07-05,9000000331,ACC154,T03,Nexoral,Paid Media,Dose and safety,1,0,0
DIG0000715,2025-01-28,9000000388,ACC155,T04,Roventra,Content Hub,Coverage,1,1,0
DIG0000716,2024-07-05,9000000388,ACC155,T04,Nexoral,Email,Patient identification,1,1,0
DIG0000717,2024-06-07,9000000388,ACC155,T04,Vexpro,Content Hub,Adherence,1,1,1
DIG0000718,2024-05-11,9000000389,ACC155,T04,Nexoral,Email,Prior authorization,0,0,0
DIG0000719,2024-11-18,9000000389,ACC155,T04,Roventra,Webinar,Prior authorization,0,0,0
DIG0000720,2024-08-14,9000000389,ACC155,T04,Nexoral,Paid Media,Prior authorization,1,0,0
DIG0000721,2024-04-10,9000000307,ACC156,T05,Vexpro,Email,Dose and safety,1,0,0
DIG0000722,2024-07-27,9000000307,ACC156,T05,Roventra,Paid Media,Patient identification,1,1,0
DIG0000723,2024-11-01,9000000307,ACC156,T05,Vexpro,Paid Media,Adherence,1,0,0
DIG0000724,2024-03-19,9000000307,ACC156,T05,Nexoral,Webinar,Coverage,0,0,0
DIG0000725,2024-07-20,9000000307,ACC156,T05,Roventra,Content Hub,Dose and safety,1,0,0
DIG0000726,2024-06-07,9000000412,ACC156,T05,Vexpro,Content Hub,Patient identification,1,1,0
DIG0000727,2024-02-11,9000000412,ACC156,T05,Nexoral,Content Hub,Patient identification,1,1,1
DIG0000728,2024-02-04,9000000412,ACC156,T05,Roventra,Paid Media,Prior authorization,1,1,0
DIG0000729,2024-09-25,9000000047,ACC157,T06,Nexoral,Webinar,Prior authorization,1,1,0
DIG0000730,2024-02-12,9000000047,ACC157,T06,Roventra,Webinar,Dose and safety,0,0,0
DIG0000731,2024-11-30,9000000047,ACC157,T06,Roventra,Paid Media,Adherence,1,0,0
DIG0000732,2024-06-02,9000000047,ACC157,T06,Nexoral,Webinar,Adherence,1,1,0
DIG0000733,2024-08-01,9000000047,ACC157,T06,Nexoral,Content Hub,Prior authorization,1,1,0
DIG0000734,2024-03-13,9000000183,ACC157,T06,Vexpro,Paid Media,Patient identification,1,1,1
DIG0000735,2024-12-02,9000000041,ACC158,T07,Nexoral,Web Visit,Adherence,1,1,1
DIG0000736,2024-01-06,9000000041,ACC158,T07,Roventra,Content Hub,Adherence,1,1,1
DIG0000737,2024-01-24,9000000041,ACC158,T07,Roventra,Web Visit,Patient identification,1,0,0
DIG0000738,2024-06-23,9000000041,ACC158,T07,Roventra,Paid Media,Adherence,1,0,0
DIG0000739,2024-04-10,9000000238,ACC159,T08,Roventra,Web Visit,Patient identification,1,1,1
DIG0000740,2025-01-23,9000000002,ACC160,T01,Roventra,Content Hub,Patient identification,1,0,0
DIG0000741,2025-01-29,9000000002,ACC160,T01,Vexpro,Webinar,Referral workflow,1,1,1
DIG0000742,2024-06-18,9000000002,ACC160,T01,Roventra,Email,Coverage,1,0,0
DIG0000743,2024-03-25,9000000002,ACC160,T01,Vexpro,Email,Adherence,1,0,0
DIG0000744,2024-07-01,9000000002,ACC160,T01,Nexoral,Web Visit,Coverage,1,0,0
DIG0000745,2024-07-04,9000000128,ACC160,T01,Nexoral,Web Visit,Prior authorization,1,0,0
DIG0000746,2024-02-05,9000000128,ACC160,T01,Vexpro,Webinar,Prior authorization,0,0,0
DIG0000747,2024-10-10,9000000128,ACC160,T01,Roventra,Paid Media,Patient identification,1,0,0
DIG0000748,2024-01-28,9000000128,ACC160,T01,Roventra,Email,Prior authorization,1,0,0
DIG0000749,2024-12-12,9000000319,ACC160,T01,Vexpro,Content Hub,Dose and safety,1,0,0
DIG0000750,2024-03-22,9000000319,ACC160,T01,Nexoral,Paid Media,Coverage,1,1,0
DIG0000751,2024-01-13,9000000638,ACC160,T01,Nexoral,Webinar,Dose and safety,1,0,0
DIG0000752,2024-05-26,9000000638,ACC160,T01,Vexpro,Paid Media,Dose and safety,1,0,0
DIG0000753,2024-06-04,9000000038,ACC161,T02,Vexpro,Email,Prior authorization,0,0,0
DIG0000754,2024-09-19,9000000038,ACC161,T02,Nexoral,Content Hub,Coverage,1,1,1
DIG0000755,2024-06-26,9000000038,ACC161,T02,Roventra,Paid Media,Adherence,0,0,0
DIG0000756,2024-11-29,9000000038,ACC161,T02,Nexoral,Paid Media,Dose and safety,0,0,0
DIG0000757,2024-11-23,9000000322,ACC161,T02,Vexpro,Email,Coverage,1,0,0
DIG0000758,2024-07-18,9000000322,ACC161,T02,Vexpro,Paid Media,Patient identification,0,0,0
DIG0000759,2024-10-15,9000000322,ACC161,T02,Vexpro,Webinar,Coverage,1,0,0
DIG0000760,2024-02-27,9000000322,ACC161,T02,Roventra,Content Hub,Patient identification,0,0,0
DIG0000761,2024-01-01,9000000322,ACC161,T02,Vexpro,Content Hub,Referral workflow,1,0,0
DIG0000762,2025-01-04,9000000345,ACC161,T02,Nexoral,Paid Media,Adherence,1,0,0
DIG0000763,2024-02-28,9000000348,ACC161,T02,Vexpro,Web Visit,Patient identification,0,0,0
DIG0000764,2024-07-08,9000000348,ACC161,T02,Roventra,Content Hub,Patient identification,1,0,0
DIG0000765,2024-04-06,9000000348,ACC161,T02,Nexoral,Webinar,Coverage,1,0,0
DIG0000766,2024-02-21,9000000348,ACC161,T02,Roventra,Web Visit,Referral workflow,1,1,0
DIG0000767,2024-08-18,9000000425,ACC161,T02,Roventra,Email,Referral workflow,0,0,0
DIG0000768,2024-12-15,9000000425,ACC161,T02,Vexpro,Web Visit,Prior authorization,1,1,1
DIG0000769,2025-01-04,9000000425,ACC161,T02,Vexpro,Email,Adherence,1,1,1
DIG0000770,2025-01-27,9000000556,ACC162,T03,Vexpro,Paid Media,Patient identification,1,1,0
DIG0000771,2024-02-13,9000000556,ACC162,T03,Nexoral,Webinar,Coverage,1,1,0
DIG0000772,2024-12-22,9000000556,ACC162,T03,Vexpro,Content Hub,Dose and safety,0,0,0
DIG0000773,2024-04-21,9000000090,ACC163,T04,Nexoral,Content Hub,Referral workflow,1,1,0
DIG0000774,2024-01-20,9000000090,ACC163,T04,Vexpro,Web Visit,Prior authorization,1,1,0
DIG0000775,2024-02-22,9000000090,ACC163,T04,Vexpro,Email,Referral workflow,1,0,0
DIG0000776,2024-02-15,9000000090,ACC163,T04,Roventra,Email,Prior authorization,1,0,0
DIG0000777,2024-12-10,9000000258,ACC164,T05,Roventra,Content Hub,Coverage,1,1,0
DIG0000778,2024-01-08,9000000258,ACC164,T05,Vexpro,Paid Media,Prior authorization,1,0,0
DIG0000779,2024-07-22,9000000054,ACC166,T07,Roventra,Email,Coverage,0,0,0
DIG0000780,2024-12-21,9000000054,ACC166,T07,Roventra,Webinar,Dose and safety,1,1,0
DIG0000781,2024-11-26,9000000516,ACC167,T08,Roventra,Email,Adherence,1,1,0
DIG0000782,2024-11-20,9000000516,ACC167,T08,Vexpro,Email,Prior authorization,1,0,0
DIG0000783,2024-03-29,9000000516,ACC167,T08,Nexoral,Email,Adherence,1,1,1
DIG0000784,2024-11-28,9000000516,ACC167,T08,Vexpro,Webinar,Adherence,1,1,0
DIG0000785,2024-07-30,9000000516,ACC167,T08,Roventra,Web Visit,Referral workflow,0,0,0
DIG0000786,2024-03-14,9000000141,ACC168,T01,Roventra,Webinar,Prior authorization,1,1,0
DIG0000787,2024-07-08,9000000141,ACC168,T01,Roventra,Paid Media,Adherence,1,1,0
DIG0000788,2024-01-12,9000000141,ACC168,T01,Vexpro,Paid Media,Coverage,0,0,0
DIG0000789,2024-12-20,9000000141,ACC168,T01,Roventra,Email,Referral workflow,0,0,0
DIG0000790,2024-08-27,9000000141,ACC168,T01,Vexpro,Webinar,Adherence,1,1,0
DIG0000791,2024-08-26,9000000277,ACC168,T01,Roventra,Content Hub,Coverage,1,1,0
DIG0000792,2024-12-25,9000000277,ACC168,T01,Vexpro,Paid Media,Referral workflow,0,0,0
DIG0000793,2025-01-07,9000000277,ACC168,T01,Vexpro,Content Hub,Patient identification,1,1,0
DIG0000794,2024-02-12,9000000284,ACC170,T03,Vexpro,Webinar,Prior authorization,1,1,1
DIG0000795,2024-04-11,9000000334,ACC170,T03,Nexoral,Web Visit,Dose and safety,0,0,0
DIG0000796,2024-08-05,9000000334,ACC170,T03,Roventra,Web Visit,Adherence,1,1,0
DIG0000797,2024-05-17,9000000506,ACC172,T05,Roventra,Paid Media,Patient identification,1,0,0
DIG0000798,2024-08-26,9000000506,ACC172,T05,Nexoral,Email,Dose and safety,0,0,0
DIG0000799,2024-07-01,9000000506,ACC172,T05,Nexoral,Webinar,Adherence,0,0,0
DIG0000800,2025-01-19,9000000325,ACC174,T07,Vexpro,Paid Media,Coverage,0,0,0
DIG0000801,2024-01-08,9000000325,ACC174,T07,Nexoral,Web Visit,Prior authorization,0,0,0
DIG0000802,2024-06-01,9000000325,ACC174,T07,Roventra,Email,Prior authorization,1,0,0
DIG0000803,2024-01-06,9000000325,ACC174,T07,Nexoral,Content Hub,Coverage,1,0,0
DIG0000804,2024-03-19,9000000025,ACC175,T08,Roventra,Paid Media,Patient identification,0,0,0
DIG0000805,2024-05-23,9000000025,ACC175,T08,Roventra,Content Hub,Dose and safety,0,0,0
DIG0000806,2024-05-11,9000000025,ACC175,T08,Roventra,Web Visit,Adherence,1,1,0
DIG0000807,2024-11-22,9000000227,ACC175,T08,Roventra,Webinar,Dose and safety,0,0,0
DIG0000808,2024-02-29,9000000227,ACC175,T08,Nexoral,Paid Media,Dose and safety,1,0,0
DIG0000809,2024-03-16,9000000227,ACC175,T08,Roventra,Paid Media,Adherence,1,1,0
DIG0000810,2024-12-06,9000000227,ACC175,T08,Vexpro,Email,Adherence,1,0,0
DIG0000811,2024-07-14,9000000446,ACC176,T01,Nexoral,Webinar,Adherence,1,1,0
DIG0000812,2024-07-12,9000000446,ACC176,T01,Roventra,Webinar,Prior authorization,1,0,0
DIG0000813,2024-03-14,9000000446,ACC176,T01,Vexpro,Content Hub,Adherence,1,0,0
DIG0000814,2024-08-29,9000000446,ACC176,T01,Roventra,Email,Referral workflow,1,0,0
DIG0000815,2025-01-16,9000000256,ACC177,T02,Roventra,Paid Media,Patient identification,1,1,1
DIG0000816,2024-02-05,9000000256,ACC177,T02,Roventra,Paid Media,Prior authorization,1,0,0
DIG0000817,2024-11-23,9000000256,ACC177,T02,Roventra,Webinar,Referral workflow,1,1,0
DIG0000818,2024-06-24,9000000124,ACC178,T03,Nexoral,Email,Dose and safety,1,0,0
DIG0000819,2024-07-26,9000000124,ACC178,T03,Nexoral,Paid Media,Patient identification,0,0,0
DIG0000820,2024-08-19,9000000124,ACC178,T03,Vexpro,Content Hub,Prior authorization,1,0,0
DIG0000821,2024-08-01,9000000285,ACC178,T03,Nexoral,Content Hub,Prior authorization,1,1,0
DIG0000822,2024-02-04,9000000285,ACC178,T03,Nexoral,Webinar,Adherence,1,1,0
DIG0000823,2024-01-04,9000000285,ACC178,T03,Roventra,Content Hub,Coverage,1,0,0
DIG0000824,2024-01-25,9000000285,ACC178,T03,Vexpro,Web Visit,Referral workflow,1,1,0
DIG0000825,2024-07-24,9000000300,ACC179,T04,Roventra,Email,Adherence,1,0,0
DIG0000826,2024-06-02,9000000642,ACC179,T04,Nexoral,Webinar,Coverage,0,0,0
DIG0000827,2024-10-01,9000000642,ACC179,T04,Roventra,Webinar,Coverage,0,0,0
DIG0000828,2024-02-09,9000000049,ACC180,T05,Vexpro,Paid Media,Patient identification,1,0,0
DIG0000829,2024-07-31,9000000022,ACC181,T06,Roventra,Paid Media,Prior authorization,0,0,0
DIG0000830,2024-08-15,9000000156,ACC181,T06,Roventra,Web Visit,Referral workflow,1,0,0
DIG0000831,2024-06-13,9000000176,ACC181,T06,Vexpro,Content Hub,Dose and safety,1,1,0
DIG0000832,2024-05-19,9000000176,ACC181,T06,Nexoral,Content Hub,Patient identification,1,0,0
DIG0000833,2024-03-28,9000000116,ACC182,T07,Roventra,Content Hub,Adherence,1,0,0
DIG0000834,2024-02-28,9000000116,ACC182,T07,Vexpro,Paid Media,Coverage,0,0,0
DIG0000835,2024-07-06,9000000215,ACC183,T08,Nexoral,Web Visit,Prior authorization,1,1,0
DIG0000836,2024-08-16,9000000215,ACC183,T08,Roventra,Paid Media,Coverage,0,0,0
DIG0000837,2024-03-11,9000000581,ACC183,T08,Nexoral,Email,Patient identification,1,1,0
DIG0000838,2024-01-05,9000000581,ACC183,T08,Vexpro,Content Hub,Coverage,1,1,0
DIG0000839,2024-09-18,9000000581,ACC183,T08,Nexoral,Content Hub,Prior authorization,1,0,0
DIG0000840,2025-01-30,9000000581,ACC183,T08,Roventra,Webinar,Referral workflow,1,0,0
DIG0000841,2024-03-04,9000000349,ACC184,T01,Roventra,Paid Media,Prior authorization,1,0,0
DIG0000842,2024-01-29,9000000349,ACC184,T01,Roventra,Paid Media,Dose and safety,0,0,0
DIG0000843,2025-01-10,9000000113,ACC185,T02,Vexpro,Email,Referral workflow,1,0,0
DIG0000844,2025-01-27,9000000355,ACC185,T02,Nexoral,Webinar,Coverage,1,1,0
DIG0000845,2025-01-29,9000000483,ACC185,T02,Roventra,Content Hub,Dose and safety,0,0,0
DIG0000846,2025-01-01,9000000483,ACC185,T02,Nexoral,Webinar,Prior authorization,1,1,1
DIG0000847,2024-06-04,9000000483,ACC185,T02,Roventra,Content Hub,Adherence,1,1,1
DIG0000848,2024-09-24,9000000018,ACC186,T03,Vexpro,Web Visit,Dose and safety,1,1,0
DIG0000849,2024-05-12,9000000018,ACC186,T03,Nexoral,Web Visit,Adherence,1,1,0
DIG0000850,2024-12-27,9000000018,ACC186,T03,Roventra,Paid Media,Referral workflow,1,0,0
DIG0000851,2024-12-04,9000000018,ACC186,T03,Roventra,Web Visit,Prior authorization,1,0,0
DIG0000852,2024-01-09,9000000251,ACC187,T04,Nexoral,Email,Adherence,0,0,0
DIG0000853,2024-10-26,9000000251,ACC187,T04,Vexpro,Email,Prior authorization,1,0,0
DIG0000854,2024-10-18,9000000251,ACC187,T04,Roventra,Email,Referral workflow,0,0,0
DIG0000855,2024-08-22,9000000241,ACC188,T05,Nexoral,Content Hub,Coverage,0,0,0
DIG0000856,2024-06-24,9000000241,ACC188,T05,Nexoral,Web Visit,Referral workflow,0,0,0
DIG0000857,2024-04-07,9000000241,ACC188,T05,Vexpro,Content Hub,Patient identification,0,0,0
DIG0000858,2024-02-07,9000000430,ACC189,T06,Vexpro,Content Hub,Referral workflow,1,0,0
DIG0000859,2024-03-25,9000000366,ACC190,T07,Nexoral,Email,Prior authorization,1,0,0
DIG0000860,2024-09-03,9000000512,ACC190,T07,Roventra,Email,Prior authorization,1,0,0
DIG0000861,2024-07-09,9000000014,ACC191,T08,Nexoral,Content Hub,Prior authorization,1,1,1
DIG0000862,2024-04-24,9000000014,ACC191,T08,Vexpro,Web Visit,Adherence,1,0,0
DIG0000863,2025-01-29,9000000232,ACC191,T08,Nexoral,Content Hub,Dose and safety,0,0,0
DIG0000864,2024-09-06,9000000232,ACC191,T08,Roventra,Web Visit,Patient identification,0,0,0
DIG0000865,2024-02-19,9000000016,ACC192,T01,Nexoral,Content Hub,Referral workflow,1,0,0
DIG0000866,2024-08-24,9000000016,ACC192,T01,Nexoral,Content Hub,Adherence,0,0,0
DIG0000867,2024-08-21,9000000043,ACC196,T05,Nexoral,Content Hub,Adherence,1,1,0
DIG0000868,2024-07-06,9000000043,ACC196,T05,Roventra,Paid Media,Coverage,0,0,0
DIG0000869,2024-07-18,9000000163,ACC198,T07,Vexpro,Webinar,Coverage,0,0,0
DIG0000870,2024-09-27,9000000163,ACC198,T07,Nexoral,Paid Media,Dose and safety,1,0,0
DIG0000871,2024-01-21,9000000163,ACC198,T07,Nexoral,Webinar,Patient identification,1,1,0
DIG0000872,2024-04-27,9000000163,ACC198,T07,Roventra,Email,Adherence,0,0,0
DIG0000873,2024-02-10,9000000045,ACC199,T08,Nexoral,Paid Media,Coverage,1,1,0
DIG0000874,2024-06-05,9000000045,ACC199,T08,Nexoral,Webinar,Referral workflow,1,0,0
DIG0000875,2024-02-14,9000000045,ACC199,T08,Roventra,Webinar,Patient identification,1,0,0
DIG0000876,2025-01-30,9000000045,ACC199,T08,Nexoral,Webinar,Dose and safety,1,1,0
DIG0000877,2024-01-28,9000000045,ACC199,T08,Roventra,Paid Media,Prior authorization,1,0,0
DIG0000878,2024-01-09,9000000095,ACC199,T08,Roventra,Paid Media,Prior authorization,1,0,0
DIG0000879,2024-03-16,9000000095,ACC199,T08,Roventra,Content Hub,Dose and safety,1,0,0
DIG0000880,2024-06-09,9000000095,ACC199,T08,Nexoral,Paid Media,Referral workflow,1,0,0
DIG0000881,2025-01-05,9000000095,ACC199,T08,Vexpro,Web Visit,Patient identification,1,1,1
DIG0000882,2024-10-27,9000000211,ACC200,T01,Roventra,Email,Dose and safety,0,0,0
DIG0000883,2024-01-18,9000000211,ACC200,T01,Roventra,Webinar,Coverage,0,0,0
DIG0000884,2024-11-19,9000000211,ACC200,T01,Nexoral,Content Hub,Coverage,0,0,0
DIG0000885,2024-11-27,9000000211,ACC200,T01,Roventra,Web Visit,Adherence,1,1,0
DIG0000886,2024-03-30,9000000266,ACC200,T01,Vexpro,Content Hub,Prior authorization,1,0,0
DIG0000887,2024-03-21,9000000266,ACC200,T01,Roventra,Content Hub,Coverage,1,1,0
DIG0000888,2024-03-09,9000000266,ACC200,T01,Vexpro,Webinar,Dose and safety,1,0,0
DIG0000889,2024-10-15,9000000266,ACC200,T01,Roventra,Webinar,Coverage,1,1,0
DIG0000890,2024-07-20,9000000266,ACC200,T01,Roventra,Content Hub,Coverage,1,1,0
DIG0000891,2024-09-27,9000000063,ACC201,T02,Roventra,Webinar,Dose and safety,1,0,0
DIG0000892,2024-07-11,9000000063,ACC201,T02,Nexoral,Email,Patient identification,0,0,0
DIG0000893,2024-10-28,9000000063,ACC201,T02,Nexoral,Email,Adherence,0,0,0
DIG0000894,2024-10-30,9000000150,ACC201,T02,Nexoral,Paid Media,Referral workflow,1,1,1
DIG0000895,2024-09-15,9000000150,ACC201,T02,Nexoral,Email,Adherence,0,0,0
DIG0000896,2024-11-22,9000000150,ACC201,T02,Roventra,Webinar,Coverage,1,1,0
DIG0000897,2024-07-28,9000000150,ACC201,T02,Nexoral,Email,Dose and safety,1,1,0
DIG0000898,2024-03-16,9000000150,ACC201,T02,Vexpro,Web Visit,Referral workflow,0,0,0
DIG0000899,2024-12-10,9000000152,ACC201,T02,Roventra,Webinar,Referral workflow,1,0,0
DIG0000900,2024-06-24,9000000152,ACC201,T02,Nexoral,Webinar,Dose and safety,1,0,0
DIG0000901,2024-06-03,9000000152,ACC201,T02,Roventra,Paid Media,Patient identification,1,1,0
DIG0000902,2024-12-29,9000000152,ACC201,T02,Vexpro,Paid Media,Dose and safety,1,0,0
DIG0000903,2024-09-17,9000000152,ACC201,T02,Nexoral,Email,Adherence,1,1,1
DIG0000904,2024-06-27,9000000442,ACC201,T02,Roventra,Webinar,Prior authorization,1,0,0
DIG0000905,2024-11-30,9000000442,ACC201,T02,Nexoral,Content Hub,Patient identification,1,0,0
DIG0000906,2024-06-07,9000000442,ACC201,T02,Vexpro,Email,Referral workflow,0,0,0
DIG0000907,2024-11-08,9000000475,ACC202,T03,Roventra,Web Visit,Prior authorization,1,0,0
DIG0000908,2024-04-21,9000000354,ACC203,T04,Roventra,Content Hub,Dose and safety,1,1,0
DIG0000909,2024-03-05,9000000354,ACC203,T04,Vexpro,Webinar,Referral workflow,0,0,0
DIG0000910,2024-07-23,9000000354,ACC203,T04,Nexoral,Email,Dose and safety,1,0,0
DIG0000911,2024-01-06,9000000354,ACC203,T04,Roventra,Content Hub,Dose and safety,1,0,0
DIG0000912,2024-02-21,9000000218,ACC204,T05,Nexoral,Paid Media,Adherence,1,0,0
DIG0000913,2024-03-20,9000000244,ACC204,T05,Vexpro,Web Visit,Referral workflow,1,1,0
DIG0000914,2024-07-13,9000000338,ACC205,T06,Vexpro,Content Hub,Dose and safety,0,0,0
DIG0000915,2024-06-01,9000000338,ACC205,T06,Roventra,Email,Referral workflow,0,0,0
DIG0000916,2024-09-08,9000000338,ACC205,T06,Vexpro,Webinar,Referral workflow,1,1,0
DIG0000917,2024-03-30,9000000338,ACC205,T06,Roventra,Paid Media,Patient identification,0,0,0
DIG0000918,2024-11-12,9000000338,ACC205,T06,Nexoral,Web Visit,Dose and safety,0,0,0
DIG0000919,2024-12-04,9000000173,ACC206,T07,Nexoral,Email,Dose and safety,1,0,0
DIG0000920,2024-03-01,9000000173,ACC206,T07,Roventra,Content Hub,Coverage,0,0,0
DIG0000921,2024-02-15,9000000173,ACC206,T07,Vexpro,Content Hub,Dose and safety,1,0,0
DIG0000922,2024-10-13,9000000173,ACC206,T07,Roventra,Email,Dose and safety,0,0,0
DIG0000923,2024-08-02,9000000160,ACC207,T08,Nexoral,Webinar,Referral workflow,0,0,0
DIG0000924,2024-06-18,9000000160,ACC207,T08,Vexpro,Webinar,Referral workflow,1,0,0
DIG0000925,2024-06-09,9000000160,ACC207,T08,Vexpro,Webinar,Prior authorization,1,1,0
DIG0000926,2025-01-31,9000000160,ACC207,T08,Roventra,Email,Adherence,1,1,0
DIG0000927,2025-01-15,9000000094,ACC209,T02,Nexoral,Webinar,Adherence,1,1,0
DIG0000928,2024-04-24,9000000094,ACC209,T02,Roventra,Content Hub,Referral workflow,1,1,0
DIG0000929,2025-01-26,9000000195,ACC209,T02,Vexpro,Paid Media,Dose and safety,0,0,0
DIG0000930,2024-09-04,9000000572,ACC209,T02,Roventra,Email,Coverage,1,1,1
DIG0000931,2024-12-16,9000000419,ACC210,T03,Vexpro,Web Visit,Patient identification,1,0,0
DIG0000932,2024-05-17,9000000419,ACC210,T03,Vexpro,Content Hub,Coverage,1,1,0
DIG0000933,2025-01-04,9000000419,ACC210,T03,Vexpro,Webinar,Adherence,1,0,0
DIG0000934,2024-09-23,9000000419,ACC210,T03,Vexpro,Email,Referral workflow,0,0,0
DIG0000935,2024-06-07,9000000650,ACC210,T03,Roventra,Webinar,Prior authorization,1,0,0
DIG0000936,2024-10-15,9000000650,ACC210,T03,Roventra,Paid Media,Patient identification,0,0,0
DIG0000937,2024-12-18,9000000276,ACC211,T04,Vexpro,Email,Dose and safety,0,0,0
DIG0000938,2024-02-27,9000000078,ACC212,T05,Roventra,Paid Media,Referral workflow,0,0,0
DIG0000939,2024-01-25,9000000078,ACC212,T05,Vexpro,Webinar,Patient identification,1,0,0
DIG0000940,2024-09-30,9000000078,ACC212,T05,Vexpro,Web Visit,Prior authorization,1,1,0
DIG0000941,2024-08-24,9000000078,ACC212,T05,Nexoral,Web Visit,Adherence,0,0,0
DIG0000942,2024-09-02,9000000353,ACC212,T05,Roventra,Webinar,Referral workflow,0,0,0
DIG0000943,2024-01-17,9000000353,ACC212,T05,Vexpro,Email,Coverage,1,1,0
DIG0000944,2024-01-22,9000000416,ACC212,T05,Nexoral,Webinar,Adherence,0,0,0
DIG0000945,2024-06-12,9000000416,ACC212,T05,Nexoral,Webinar,Dose and safety,1,1,0
DIG0000946,2024-09-04,9000000456,ACC213,T06,Vexpro,Web Visit,Prior authorization,1,1,1
DIG0000947,2024-07-27,9000000456,ACC213,T06,Roventra,Email,Adherence,0,0,0
DIG0000948,2024-09-01,9000000320,ACC214,T07,Nexoral,Paid Media,Patient identification,1,0,0
DIG0000949,2024-07-01,9000000320,ACC214,T07,Vexpro,Paid Media,Patient identification,0,0,0
DIG0000950,2024-01-04,9000000320,ACC214,T07,Vexpro,Email,Referral workflow,1,1,0
DIG0000951,2024-05-23,9000000429,ACC215,T08,Vexpro,Web Visit,Prior authorization,0,0,0
DIG0000952,2024-05-14,9000000429,ACC215,T08,Roventra,Web Visit,Patient identification,1,1,0
DIG0000953,2024-08-28,9000000429,ACC215,T08,Vexpro,Email,Adherence,0,0,0
DIG0000954,2024-09-07,9000000429,ACC215,T08,Vexpro,Paid Media,Adherence,0,0,0
DIG0000955,2024-11-01,9000000429,ACC215,T08,Vexpro,Webinar,Adherence,0,0,0
DIG0000956,2024-11-02,9000000447,ACC216,T01,Roventra,Content Hub,Adherence,1,1,0
DIG0000957,2024-04-02,9000000365,ACC217,T02,Roventra,Paid Media,Referral workflow,1,0,0
DIG0000958,2024-11-29,9000000365,ACC217,T02,Roventra,Webinar,Coverage,1,0,0
DIG0000959,2024-04-28,9000000365,ACC217,T02,Nexoral,Content Hub,Adherence,1,1,0
DIG0000960,2024-02-18,9000000431,ACC218,T03,Nexoral,Web Visit,Adherence,0,0,0
DIG0000961,2025-01-08,9000000431,ACC218,T03,Nexoral,Webinar,Referral workflow,1,1,0
DIG0000962,2024-07-13,9000000431,ACC218,T03,Nexoral,Email,Dose and safety,1,0,0
DIG0000963,2024-06-15,9000000460,ACC219,T04,Roventra,Webinar,Dose and safety,1,1,0
DIG0000964,2024-07-16,9000000460,ACC219,T04,Nexoral,Paid Media,Patient identification,0,0,0
DIG0000965,2024-02-02,9000000233,ACC220,T05,Roventra,Paid Media,Dose and safety,1,1,0
DIG0000966,2024-07-05,9000000233,ACC220,T05,Roventra,Webinar,Patient identification,1,1,0
DIG0000967,2024-12-24,9000000233,ACC220,T05,Nexoral,Webinar,Dose and safety,1,1,0
DIG0000968,2024-03-08,9000000233,ACC220,T05,Nexoral,Web Visit,Prior authorization,1,1,0
DIG0000969,2025-01-14,9000000233,ACC220,T05,Vexpro,Web Visit,Adherence,0,0,0
DIG0000970,2024-12-10,9000000031,ACC222,T07,Roventra,Content Hub,Coverage,1,1,0
DIG0000971,2024-09-19,9000000031,ACC222,T07,Roventra,Content Hub,Prior authorization,1,0,0
DIG0000972,2024-12-02,9000000310,ACC222,T07,Nexoral,Content Hub,Patient identification,0,0,0
DIG0000973,2024-05-20,9000000310,ACC222,T07,Nexoral,Content Hub,Adherence,1,0,0
DIG0000974,2024-12-21,9000000310,ACC222,T07,Vexpro,Paid Media,Coverage,1,1,1
DIG0000975,2024-10-12,9000000115,ACC225,T02,Vexpro,Email,Dose and safety,1,1,0
DIG0000976,2024-06-04,9000000115,ACC225,T02,Vexpro,Web Visit,Patient identification,0,0,0
DIG0000977,2024-06-26,9000000115,ACC225,T02,Vexpro,Web Visit,Coverage,0,0,0
DIG0000978,2025-01-08,9000000115,ACC225,T02,Roventra,Web Visit,Adherence,1,0,0
DIG0000979,2024-05-13,9000000026,ACC226,T03,Vexpro,Content Hub,Patient identification,0,0,0
DIG0000980,2024-12-16,9000000026,ACC226,T03,Vexpro,Email,Coverage,1,1,0
DIG0000981,2024-07-23,9000000649,ACC227,T04,Roventra,Paid Media,Referral workflow,1,1,0
DIG0000982,2025-01-12,9000000649,ACC227,T04,Nexoral,Email,Adherence,1,0,0
DIG0000983,2024-10-10,9000000649,ACC227,T04,Roventra,Web Visit,Prior authorization,0,0,0
DIG0000984,2024-07-08,9000000649,ACC227,T04,Roventra,Web Visit,Dose and safety,1,1,0
DIG0000985,2024-07-13,9000000649,ACC227,T04,Vexpro,Web Visit,Coverage,0,0,0
DIG0000986,2024-03-07,9000000084,ACC228,T05,Vexpro,Webinar,Patient identification,1,0,0
DIG0000987,2024-02-14,9000000205,ACC229,T06,Roventra,Email,Referral workflow,1,1,0
DIG0000988,2024-03-02,9000000405,ACC229,T06,Nexoral,Web Visit,Coverage,1,1,0
DIG0000989,2024-11-07,9000000405,ACC229,T06,Vexpro,Web Visit,Prior authorization,1,1,0
DIG0000990,2024-08-21,9000000405,ACC229,T06,Vexpro,Webinar,Coverage,1,0,0
DIG0000991,2024-08-16,9000000405,ACC229,T06,Nexoral,Content Hub,Dose and safety,1,0,0
DIG0000992,2024-08-12,9000000405,ACC229,T06,Roventra,Web Visit,Prior authorization,0,0,0
DIG0000993,2024-04-06,9000000381,ACC230,T07,Vexpro,Webinar,Adherence,1,0,0
DIG0000994,2024-06-09,9000000381,ACC230,T07,Nexoral,Content Hub,Referral workflow,1,0,0
DIG0000995,2025-01-05,9000000381,ACC230,T07,Roventra,Web Visit,Referral workflow,1,0,0
DIG0000996,2024-01-30,9000000381,ACC230,T07,Vexpro,Web Visit,Patient identification,1,0,0
DIG0000997,2025-01-09,9000000381,ACC230,T07,Roventra,Webinar,Referral workflow,1,1,1
DIG0000998,2024-08-16,9000000527,ACC230,T07,Roventra,Paid Media,Dose and safety,1,0,0
DIG0000999,2024-10-24,9000000527,ACC230,T07,Vexpro,Paid Media,Patient identification,1,0,0
DIG0001000,2024-02-01,9000000527,ACC230,T07,Roventra,Paid Media,Adherence,1,0,0
DIG0001001,2024-03-11,9000000527,ACC230,T07,Vexpro,Web Visit,Dose and safety,1,1,0
DIG0001002,2024-08-12,9000000098,ACC231,T08,Roventra,Paid Media,Adherence,1,0,0
DIG0001003,2024-09-04,9000000098,ACC231,T08,Vexpro,Paid Media,Prior authorization,0,0,0
DIG0001004,2025-01-09,9000000098,ACC231,T08,Roventra,Paid Media,Adherence,1,0,0
DIG0001005,2024-12-10,9000000098,ACC231,T08,Roventra,Content Hub,Adherence,1,1,0
DIG0001006,2024-01-28,9000000098,ACC231,T08,Roventra,Web Visit,Coverage,0,0,0
DIG0001007,2024-02-23,9000000192,ACC231,T08,Nexoral,Webinar,Dose and safety,1,1,1
DIG0001008,2024-08-13,9000000192,ACC231,T08,Vexpro,Webinar,Referral workflow,1,0,0
DIG0001009,2024-08-01,9000000192,ACC231,T08,Vexpro,Paid Media,Dose and safety,1,0,0
DIG0001010,2024-12-11,9000000192,ACC231,T08,Nexoral,Paid Media,Referral workflow,1,1,0
DIG0001011,2024-12-07,9000000235,ACC231,T08,Roventra,Webinar,Dose and safety,0,0,0
DIG0001012,2024-06-25,9000000235,ACC231,T08,Vexpro,Web Visit,Prior authorization,1,1,1
DIG0001013,2024-02-04,9000000235,ACC231,T08,Vexpro,Paid Media,Coverage,1,0,0
DIG0001014,2024-12-18,9000000375,ACC231,T08,Roventra,Content Hub,Referral workflow,1,0,0
DIG0001015,2025-01-23,9000000375,ACC231,T08,Nexoral,Web Visit,Referral workflow,1,0,0
DIG0001016,2024-04-01,9000000375,ACC231,T08,Nexoral,Paid Media,Patient identification,1,0,0
DIG0001017,2024-09-07,9000000511,ACC231,T08,Nexoral,Email,Adherence,1,0,0
DIG0001018,2024-09-19,9000000511,ACC231,T08,Roventra,Webinar,Dose and safety,1,0,0
DIG0001019,2025-01-14,9000000511,ACC231,T08,Roventra,Content Hub,Patient identification,1,0,0
DIG0001020,2024-03-11,9000000511,ACC231,T08,Nexoral,Web Visit,Referral workflow,1,1,0
DIG0001021,2024-05-23,9000000511,ACC231,T08,Roventra,Email,Coverage,0,0,0
DIG0001022,2024-02-04,9000000596,ACC231,T08,Roventra,Content Hub,Coverage,1,0,0
DIG0001023,2024-01-23,9000000666,ACC231,T08,Vexpro,Webinar,Referral workflow,0,0,0
DIG0001024,2024-05-10,9000000044,ACC232,T01,Roventra,Webinar,Referral workflow,1,0,0
DIG0001025,2024-08-15,9000000091,ACC232,T01,Vexpro,Web Visit,Referral workflow,0,0,0
DIG0001026,2024-04-11,9000000091,ACC232,T01,Roventra,Paid Media,Dose and safety,1,1,0
DIG0001027,2024-11-07,9000000091,ACC232,T01,Roventra,Content Hub,Coverage,1,1,1
DIG0001028,2024-05-29,9000000091,ACC232,T01,Roventra,Email,Patient identification,1,0,0
DIG0001029,2024-05-14,9000000091,ACC232,T01,Roventra,Webinar,Adherence,1,0,0
DIG0001030,2024-07-22,9000000182,ACC233,T02,Vexpro,Paid Media,Patient identification,1,1,1
DIG0001031,2024-09-18,9000000182,ACC233,T02,Vexpro,Email,Dose and safety,1,1,0
DIG0001032,2024-12-25,9000000182,ACC233,T02,Roventra,Web Visit,Dose and safety,1,1,0
DIG0001033,2024-08-26,9000000055,ACC234,T03,Roventra,Webinar,Dose and safety,0,0,0
DIG0001034,2024-01-15,9000000275,ACC234,T03,Vexpro,Email,Adherence,0,0,0
DIG0001035,2024-12-27,9000000275,ACC234,T03,Roventra,Content Hub,Dose and safety,1,0,0
DIG0001036,2024-04-23,9000000275,ACC234,T03,Roventra,Email,Referral workflow,0,0,0
DIG0001037,2024-07-28,9000000275,ACC234,T03,Nexoral,Webinar,Dose and safety,0,0,0
DIG0001038,2024-02-02,9000000275,ACC234,T03,Roventra,Web Visit,Adherence,1,0,0
DIG0001039,2025-01-30,9000000525,ACC235,T04,Nexoral,Web Visit,Referral workflow,1,0,0
DIG0001040,2024-12-19,9000000525,ACC235,T04,Roventra,Webinar,Prior authorization,0,0,0
DIG0001041,2024-02-01,9000000525,ACC235,T04,Vexpro,Paid Media,Patient identification,1,1,0
DIG0001042,2024-05-13,9000000525,ACC235,T04,Nexoral,Paid Media,Coverage,1,0,0
DIG0001043,2024-08-19,9000000525,ACC235,T04,Roventra,Content Hub,Patient identification,1,0,0
DIG0001044,2024-01-25,9000000194,ACC237,T06,Vexpro,Content Hub,Dose and safety,1,0,0
DIG0001045,2024-12-18,9000000194,ACC237,T06,Roventra,Webinar,Dose and safety,1,1,0
DIG0001046,2024-07-12,9000000161,ACC238,T07,Vexpro,Webinar,Patient identification,1,0,0
DIG0001047,2024-10-28,9000000529,ACC238,T07,Vexpro,Web Visit,Referral workflow,1,1,1
DIG0001048,2024-07-03,9000000426,ACC239,T08,Nexoral,Paid Media,Patient identification,1,1,1
DIG0001049,2024-02-19,9000000611,ACC239,T08,Nexoral,Web Visit,Referral workflow,0,0,0
DIG0001050,2024-06-15,9000000611,ACC239,T08,Vexpro,Webinar,Adherence,1,0,0
DIG0001051,2024-11-30,9000000208,ACC240,T01,Nexoral,Web Visit,Coverage,1,0,0
DIG0001052,2024-03-18,9000000181,ACC241,T02,Vexpro,Paid Media,Referral workflow,1,0,0
DIG0001053,2024-01-19,9000000436,ACC241,T02,Roventra,Paid Media,Dose and safety,0,0,0
DIG0001054,2024-02-07,9000000436,ACC241,T02,Roventra,Content Hub,Coverage,1,1,1
DIG0001055,2024-02-04,9000000436,ACC241,T02,Vexpro,Email,Referral workflow,1,1,0
DIG0001056,2024-06-05,9000000436,ACC241,T02,Vexpro,Web Visit,Adherence,1,0,0
DIG0001057,2024-08-14,9000000436,ACC241,T02,Vexpro,Email,Prior authorization,1,0,0
DIG0001058,2024-03-07,9000000120,ACC242,T03,Roventra,Email,Dose and safety,0,0,0
DIG0001059,2024-12-24,9000000120,ACC242,T03,Roventra,Web Visit,Prior authorization,1,1,1
DIG0001060,2024-01-11,9000000120,ACC242,T03,Nexoral,Email,Dose and safety,1,0,0
DIG0001061,2024-09-10,9000000401,ACC242,T03,Vexpro,Paid Media,Referral workflow,0,0,0
DIG0001062,2024-02-15,9000000401,ACC242,T03,Roventra,Content Hub,Dose and safety,1,0,0
DIG0001063,2024-06-26,9000000401,ACC242,T03,Vexpro,Email,Adherence,1,1,0
DIG0001064,2024-10-06,9000000401,ACC242,T03,Vexpro,Content Hub,Dose and safety,1,1,0
DIG0001065,2024-01-15,9000000401,ACC242,T03,Vexpro,Web Visit,Patient identification,1,0,0
DIG0001066,2024-02-22,9000000291,ACC244,T05,Nexoral,Web Visit,Patient identification,0,0,0
DIG0001067,2024-07-04,9000000291,ACC244,T05,Roventra,Webinar,Dose and safety,0,0,0
DIG0001068,2024-07-03,9000000291,ACC244,T05,Roventra,Email,Prior authorization,1,1,0
DIG0001069,2024-09-21,9000000222,ACC245,T06,Roventra,Email,Patient identification,1,1,0
DIG0001070,2024-03-18,9000000220,ACC246,T07,Vexpro,Webinar,Adherence,0,0,0
DIG0001071,2024-09-04,9000000220,ACC246,T07,Roventra,Content Hub,Dose and safety,0,0,0
DIG0001072,2024-12-18,9000000283,ACC246,T07,Roventra,Webinar,Referral workflow,1,0,0
DIG0001073,2024-12-26,9000000283,ACC246,T07,Nexoral,Paid Media,Adherence,0,0,0
DIG0001074,2025-01-09,9000000283,ACC246,T07,Roventra,Paid Media,Referral workflow,1,0,0
DIG0001075,2024-02-19,9000000283,ACC246,T07,Roventra,Paid Media,Prior authorization,1,0,0
DIG0001076,2024-02-21,9000000157,ACC247,T08,Roventra,Web Visit,Prior authorization,1,1,0
DIG0001077,2024-05-05,9000000157,ACC247,T08,Nexoral,Content Hub,Prior authorization,1,0,0
DIG0001078,2024-05-03,9000000157,ACC247,T08,Roventra,Web Visit,Adherence,1,1,0
DIG0001079,2024-07-17,9000000157,ACC247,T08,Roventra,Email,Referral workflow,1,0,0
DIG0001080,2024-11-09,9000000437,ACC248,T01,Roventra,Webinar,Adherence,1,1,0
DIG0001081,2024-12-27,9000000437,ACC248,T01,Roventra,Paid Media,Coverage,1,0,0
DIG0001082,2024-04-18,9000000437,ACC248,T01,Nexoral,Web Visit,Prior authorization,1,1,0
DIG0001083,2024-07-14,9000000437,ACC248,T01,Nexoral,Webinar,Adherence,1,0,0
DIG0001084,2024-04-16,9000000437,ACC248,T01,Vexpro,Email,Prior authorization,0,0,0
DIG0001085,2024-12-15,9000000064,ACC249,T02,Nexoral,Email,Prior authorization,0,0,0
DIG0001086,2024-04-09,9000000064,ACC249,T02,Nexoral,Content Hub,Dose and safety,1,0,0
DIG0001087,2024-06-01,9000000064,ACC249,T02,Roventra,Web Visit,Referral workflow,1,1,0
DIG0001088,2024-01-12,9000000064,ACC249,T02,Vexpro,Webinar,Adherence,1,0,0
DIG0001089,2024-12-17,9000000070,ACC249,T02,Vexpro,Webinar,Adherence,0,0,0
DIG0001090,2024-09-15,9000000070,ACC249,T02,Nexoral,Content Hub,Referral workflow,1,1,1
DIG0001091,2024-08-06,9000000070,ACC249,T02,Vexpro,Webinar,Prior authorization,0,0,0
DIG0001092,2024-05-14,9000000132,ACC250,T03,Roventra,Webinar,Coverage,0,0,0
DIG0001093,2024-08-19,9000000132,ACC250,T03,Roventra,Content Hub,Prior authorization,1,1,0
DIG0001094,2024-09-18,9000000132,ACC250,T03,Roventra,Content Hub,Referral workflow,1,0,0
DIG0001095,2024-07-26,9000000132,ACC250,T03,Nexoral,Content Hub,Coverage,1,0,0
